load_id,pickup,delivery,distance,equipment,weight,date,market_index,quote_signal,posted_rate,rate_per_mile
TR-022255,Greensboro,Cincinnati,314.7,Reefer,-36485.0,2025-05-21,1.37257,1.24215,4445.23,14.125293930727675
TR-036610,Chattanooga,Atlanta,98.4,Reefer,22226.0,2025-08-20,1.03474,2.58457,1386.42,14.089634146341464
TR-000871,Tulsa,Baton Rouge,305.6,Reefer,26447.0,2025-01-06,0.80857,2.64181,4069.24,13.315575916230365
TR-017071,Toledo,Dayton,201.5,Flatbed,38714.0,2025-04-18,1.30277,1.44259,2609.34,12.949578163771713
TR-027970,Buffalo,Boston,589.9,Reefer,24951.0,2025-06-25,1.3392,2.58804,7597.52,12.879335480589932
TR-023370,Amarillo,Lubbock,412.4,Flatbed,35494.0,2025-05-28,1.38576,1.40576,5308.96,12.873326867119303
TR-028013,Montgomery,Houston,604.3,Reefer,39690.0,2025-06-25,1.31135,2.76111,7773.37,12.863428760549397
TR-045484,Greensboro,Columbia,153.8,Dry Van,34198.0,2025-10-15,1.00256,1.46388,1971.21,12.8167100130039
TR-001416,Montgomery,Birmingham,198.2,Reefer,25383.0,2025-01-09,0.99663,2.66449,2509.96,12.663773965691222
TR-021969,Jacksonville,Columbia,254.5,Dry Van,32993.0,2025-05-19,1.21285,1.52868,3220.66,12.654852652259331
TR-007842,Raleigh,Greensboro,353.0,Reefer,28610.0,2025-02-19,1.02559,2.53068,4368.67,12.375835694050991
TR-047993,Cincinnati,Mobile,457.0,Reefer,34524.0,2025-10-31,1.00672,1.58343,5561.19,12.16890590809628
TR-040060,Mobile,Tampa,327.0,Dry Van,34212.0,2025-09-10,0.99682,2.4869,3869.45,11.833180428134556
TR-043185,Fort Wayne,Atlanta,548.4,Reefer,26544.0,2025-10-01,0.94021,1.76816,6477.13,11.810959153902262
TR-010174,Chattanooga,Mobile,307.9,Flatbed,30742.0,2025-03-06,1.12484,2.649,3624.74,11.772458590451446
TR-023818,Jacksonville,Savannah,218.4,Flatbed,25393.0,2025-05-30,1.39419,1.3051,2526.52,11.568315018315017
TR-014786,Dallas,St. Louis,617.9,Flatbed,17528.0,2025-04-03,1.19781,1.82074,7106.91,11.501715487943033
TR-029278,Lexington,Shreveport,635.4,Flatbed,28791.0,2025-07-03,1.36276,1.7668,7269.5,11.440824677368587
TR-040097,Baltimore,Oklahoma City,1760.3,Reefer,29521.0,2025-09-11,1.00464,2.28753,20132.37,11.436897119809123
TR-022731,Dallas,Grand Rapids,1041.3,Reefer,32899.0,2025-05-24,1.24348,1.79121,11895.25,11.423461058292519
TR-002470,Tucson,Albuquerque,441.5,Flatbed,47369.0,2025-01-16,1.02664,2.44883,4989.66,11.301608154020384
TR-022499,Amarillo,Albuquerque,408.7,Dry Van,16038.0,2025-05-22,1.44759,1.83873,4613.61,11.288500122339123
TR-017964,Greensboro,Milwaukee,480.1,Dry Van,34249.0,2025-04-23,1.34375,1.78747,5404.31,11.25663403457613
TR-016104,Mobile,Memphis,327.2,Dry Van,42497.0,2025-04-12,1.07548,1.62054,3678.14,11.241259168704156
TR-021056,Amarillo,Little Rock,837.7,Reefer,33864.0,2025-05-13,1.3147,1.51475,9350.63,11.16226572758744
TR-029089,Richmond,Baltimore,271.1,Flatbed,25430.0,2025-07-02,1.33372,1.5271,2986.67,11.016857248247879
TR-043917,Nashville,Dayton,424.2,Dry Van,25622.0,2025-10-05,0.891,1.86875,4646.65,10.953913248467703
TR-031260,Oklahoma City,Baltimore,1747.7,Reefer,28876.0,2025-07-16,1.34103,1.80406,19042.39,10.895685758425358
TR-024131,Lexington,Memphis,333.6,Dry Van,32389.0,2025-06-01,1.22352,2.46802,3631.52,10.885851318944843
TR-023457,Washington,Dayton,548.9,Flatbed,47500.0,2025-05-28,1.3837,1.64854,5965.1,10.867371105848061
TR-041089,Fort Wayne,Lexington,354.9,Dry Van,30394.0,2025-09-17,0.95333,2.30288,3848.82,10.844801352493661
TR-011714,Fort Wayne,Oklahoma City,1151.3,Reefer,38377.0,2025-03-16,0.94313,2.31669,12454.19,10.817501954312517
TR-033039,Raleigh,Fort Wayne,706.8,Reefer,43242.0,2025-07-27,0.96117,1.88399,7607.75,10.763653084323714
TR-026810,Tampa,Little Rock,619.0,Reefer,26773.0,2025-06-18,1.40187,2.6726,6625.8,10.704038772213247
TR-018109,Lexington,Green Bay,620.2,Dry Van,29075.0,2025-04-24,1.41395,1.98512,6602.57,10.645872299258302
TR-040724,Bakersfield,Tucson,331.4,Dry Van,47500.0,2025-09-15,0.82591,2.41301,3515.75,10.608780929390466
TR-004490,Dayton,Harrisburg,476.7,Dry Van,44942.0,2025-01-29,1.00745,2.18594,5048.45,10.590413257814138
TR-011363,Providence,New York,361.0,Dry Van,43114.0,2025-03-14,1.14384,2.33597,3760.75,10.41759002770083
TR-006079,Cincinnati,Lexington,150.4,Reefer,20990.0,2025-02-08,0.9733,2.72717,1550.14,10.306781914893618
TR-028598,Richmond,Shreveport,1106.1,Reefer,32640.0,2025-06-29,1.20681,2.4724,11276.81,10.195108941325378
TR-021703,Buffalo,Shreveport,1151.5,Flatbed,25885.0,2025-05-17,1.30036,1.99998,11708.49,10.168033000434216
TR-044345,Lexington,Albany,1040.0,Dry Van,36569.0,2025-10-08,1.04012,2.05845,10566.25,10.15985576923077
TR-035372,Nashville,Tampa,593.1,Flatbed,25665.0,2025-08-11,0.89485,2.01991,6014.82,10.141325240263024
TR-045820,Atlanta,Baltimore,940.4,Dry Van,30598.0,2025-10-18,0.9171,2.16316,9522.01,10.12548915355168
TR-036371,Jacksonville,Shreveport,541.4,Dry Van,22711.0,2025-08-18,0.87494,1.54444,5474.99,10.112652382711488
TR-010000,Grand Rapids,Boston,1069.1,Reefer,29476.0,2025-03-05,1.11126,2.04323,10769.23,10.073173697502572
TR-035023,Charleston,Richmond,387.4,Reefer,18109.0,2025-08-09,0.97004,1.93055,3901.56,10.071140939597315
TR-039480,Syracuse,Indianapolis,829.7,Reefer,27194.0,2025-09-07,0.83751,2.1798,8354.94,10.069832469567313
TR-014084,Oklahoma City,Baton Rouge,425.6,Dry Van,47500.0,2025-03-30,1.04176,2.4057,4285.27,10.068773496240603
TR-010387,Mobile,Amarillo,1125.8,Dry Van,38863.0,2025-03-07,1.13115,2.13355,11247.8,9.990939776159175
TR-009833,El Paso,Shreveport,1252.3,Dry Van,28394.0,2025-03-04,1.04073,1.99154,12422.22,9.91952407570071
TR-003880,Toledo,Madison,343.2,Dry Van,40670.0,2025-01-25,0.90955,2.27285,3402.85,9.915064102564102
TR-021543,Columbia,Tampa,578.6,Dry Van,31284.0,2025-05-16,1.30343,1.8673,5733.17,9.908693397856895
TR-021610,Albuquerque,Milwaukee,1421.3,Flatbed,27841.0,2025-05-17,1.23694,2.04142,14079.19,9.905853795820729
TR-002073,Memphis,Chattanooga,159.5,Flatbed,40966.0,2025-01-13,0.81427,2.74924,1572.38,9.85818181818182
TR-043385,Lexington,Lubbock,1187.0,Dry Van,25359.0,2025-10-02,0.95849,2.17408,11696.44,9.853782645324348
TR-024566,Hartford,Mobile,1264.3,Reefer,36014.0,2025-06-04,1.3777,2.33399,12403.35,9.81044846950882
TR-026995,Baton Rouge,Fort Wayne,982.3,Flatbed,39940.0,2025-06-19,1.34842,2.5109,9572.69,9.745179680342055
TR-011921,Buffalo,Syracuse,151.3,Reefer,17748.0,2025-03-17,1.0108,2.66511,1472.66,9.733377395902181
TR-027320,Lexington,Philadelphia,808.7,Dry Van,40018.0,2025-06-21,1.20121,2.17482,7870.44,9.732212192407566
TR-009387,Los Angeles,Las Vegas,402.5,Flatbed,34901.0,2025-03-01,1.01917,2.488,3915.85,9.728819875776397
TR-037234,Tucson,Phoenix,274.0,Dry Van,42194.0,2025-08-23,0.93377,1.7655,2662.69,9.717846715328468
TR-046731,Kansas City,Atlanta,479.3,Dry Van,36432.0,2025-10-23,1.07167,1.72672,4635.85,9.672126017108283
TR-002222,Boston,Jacksonville,1166.1,Flatbed,42165.0,2025-01-14,0.89553,2.00107,11210.34,9.613532287110884
TR-034288,Jacksonville,Oklahoma City,992.4,Dry Van,42032.0,2025-08-04,0.93842,2.28178,9535.05,9.608071342200725
TR-031461,Madison,San Antonio,1155.6,Dry Van,31247.0,2025-07-17,1.34744,2.02471,10965.67,9.489157147802008
TR-044524,Tampa,Mobile,310.0,Dry Van,12098.0,2025-10-09,1.06272,1.70896,2940.49,9.485451612903224
TR-016709,Lexington,Cincinnati,124.7,Dry Van,35540.0,2025-04-16,1.35457,1.329,1179.06,9.455172413793102
TR-024779,Montgomery,Oklahoma City,869.1,Reefer,29372.0,2025-06-05,1.38722,2.41944,8198.5,9.43332182717754
TR-044414,Memphis,Atlanta,242.4,Dry Van,28320.0,2025-10-08,1.11251,1.52682,2281.75,9.4131600660066
TR-028220,Tucson,Raleigh,2423.3,Dry Van,30972.0,2025-06-27,1.32894,1.97112,22755.66,9.390360252548177
TR-014315,Mobile,Harrisburg,923.1,Flatbed,45791.0,2025-04-01,1.10455,1.93776,8631.33,9.350373740656483
TR-018740,Austin,Albuquerque,833.9,Flatbed,20546.0,2025-04-28,1.19135,1.83855,7777.29,9.326406043890154
TR-011493,Philadelphia,Raleigh,439.4,Dry Van,28125.0,2025-03-14,1.11399,2.14612,4081.58,9.288984979517524
TR-017835,Kansas City,Milwaukee,179.4,Dry Van,38493.0,2025-04-22,1.27407,1.49739,1663.0,9.269788182831661
TR-002515,Little Rock,Buffalo,1006.5,Dry Van,19892.0,2025-01-16,1.00383,1.86722,9313.19,9.25304520615996
TR-043540,Milwaukee,Bakersfield,1893.0,Dry Van,30760.0,2025-10-03,1.08079,2.22972,17514.11,9.25203909138933
TR-042882,San Antonio,Detroit,1460.5,Dry Van,43567.0,2025-09-29,0.74601,2.04253,13503.63,9.245895241355699
TR-026236,Charleston,Phoenix,2552.5,Dry Van,25665.0,2025-06-15,1.20224,1.81289,23580.42,9.238166503428012
TR-028544,Atlanta,Hartford,997.2,Flatbed,13107.0,2025-06-29,1.1919,2.28825,9195.27,9.221089049338147
TR-033075,Mobile,Phoenix,1880.0,Reefer,21494.0,2025-07-27,0.97385,2.04041,17333.65,9.220026595744681
TR-042150,Grand Rapids,Lubbock,1415.5,Dry Van,35333.0,2025-09-24,0.96389,2.11162,13026.22,9.202557400211939
TR-005135,Washington,Richmond,88.2,Flatbed,39410.0,2025-02-02,0.83266,2.82713,809.86,9.182086167800453
TR-040323,Montgomery,El Paso,1639.9,Dry Van,38363.0,2025-09-12,0.96139,1.92501,14949.25,9.11595219220684
TR-027813,Bakersfield,Fresno,228.6,Flatbed,11114.0,2025-06-24,1.23244,2.78442,2083.66,9.114873140857393
TR-007534,New Orleans,Buffalo,1156.4,Flatbed,29407.0,2025-02-17,0.92805,1.93677,10537.71,9.11251297129021
TR-029286,Baton Rouge,Philadelphia,1517.5,Reefer,36203.0,2025-07-04,1.35508,1.83016,13817.43,9.105390444810544
TR-008622,Nashville,Syracuse,929.7,Reefer,33579.0,2025-02-24,0.94124,2.18225,8453.3,9.092502957943422
TR-025655,Greensboro,Lubbock,1240.6,Reefer,29932.0,2025-06-11,1.35924,2.42856,11224.33,9.047501209092376
TR-042354,Chattanooga,Little Rock,363.4,Flatbed,41817.0,2025-09-25,0.96197,2.84782,3286.31,9.04323059988993
TR-037174,Albuquerque,Madison,1327.4,Flatbed,36335.0,2025-08-23,0.97029,1.90503,11981.0,9.025915323188187
TR-012185,Bakersfield,Hartford,2829.8,Dry Van,33153.0,2025-03-19,1.16556,1.83188,25533.0,9.022899144815888
TR-002224,Albuquerque,Indianapolis,1344.4,Dry Van,24751.0,2025-01-14,0.89477,1.7784,12100.18,9.000431419220469
TR-040172,Montgomery,Fresno,2283.4,Dry Van,32447.0,2025-09-11,0.98502,1.93645,20361.89,8.917355697643863
TR-003354,Phoenix,Charleston,2527.9,Reefer,36840.0,2025-01-22,1.03241,2.07342,22534.65,8.914375568653824
TR-006877,Cincinnati,St. Louis,231.2,Dry Van,18747.0,2025-02-13,1.08412,2.35534,2058.1,8.90181660899654
TR-046214,Columbia,Tucson,2023.4,Flatbed,34710.0,2025-10-20,0.89822,2.06797,17893.17,8.84312049026391
TR-007458,Shreveport,Houston,246.2,Dry Van,27670.0,2025-02-17,0.95382,2.53591,2171.46,8.819902518277823
TR-013512,Lexington,Baton Rouge,751.2,Reefer,36805.0,2025-03-27,1.26904,2.56757,6621.13,8.814070820021298
TR-032460,Charleston,Lubbock,1424.2,Dry Van,43646.0,2025-07-24,1.31612,1.93952,12550.02,8.811978654683331
TR-028825,Washington,Lubbock,1627.6,Dry Van,38611.0,2025-07-01,1.25439,2.08207,14317.13,8.796467190956008
TR-006708,Kansas City,Syracuse,921.6,Dry Van,25661.0,2025-02-12,1.08771,1.88793,8091.49,8.779828559027777
TR-035999,Richmond,Milwaukee,770.9,Dry Van,32008.0,2025-08-15,1.04167,1.90063,6767.41,8.77858347386172
TR-046517,Toledo,Albuquerque,1684.3,Reefer,31536.0,2025-10-22,0.98632,2.05917,14784.38,8.77775930653684
TR-010955,Green Bay,Houston,1167.0,Dry Van,38500.0,2025-03-11,1.03337,1.98193,10168.3,8.713196229648672
TR-032678,Dallas,Baltimore,1547.6,Dry Van,34852.0,2025-07-25,1.06736,2.23071,13435.73,8.681655466528818
TR-036598,Buffalo,Syracuse,142.3,Flatbed,34743.0,2025-08-19,0.90954,1.97024,1233.19,8.66612789880534
TR-001467,Los Angeles,Syracuse,2786.0,Reefer,30322.0,2025-01-10,0.98678,1.8537,24140.21,8.664827709978464
TR-037765,Phoenix,Syracuse,2810.9,Dry Van,33674.0,2025-08-27,1.04877,2.16284,24294.98,8.643132092923974
TR-027615,El Paso,Cincinnati,1615.7,Flatbed,25698.0,2025-06-23,1.1551,2.24607,13875.07,8.587652410719812
TR-005194,Albany,Lexington,1058.4,Dry Van,33015.0,2025-02-02,0.87374,1.81719,9080.04,8.579024943310658
TR-008056,Chattanooga,Milwaukee,361.9,Reefer,39011.0,2025-02-21,1.05915,2.62055,3093.85,8.54890853827024
TR-043069,Tulsa,Oklahoma City,305.5,Dry Van,47500.0,2025-09-30,0.84162,2.71228,2610.3,8.544353518821605
TR-018907,Tulsa,Dallas,142.9,Dry Van,21953.0,2025-04-29,1.2289,1.46592,1220.72,8.542477256822952
TR-035834,Green Bay,Amarillo,1384.6,Reefer,37596.0,2025-08-14,1.04156,1.83041,11797.79,8.52072078578651
TR-017372,Reno,Philadelphia,2777.6,Reefer,33158.0,2025-04-20,1.1507,2.15601,23662.71,8.519120823732719
TR-043102,Fort Wayne,Albany,874.4,Reefer,32660.0,2025-09-30,0.81429,2.23902,7443.31,8.51247712717292
TR-032353,Phoenix,Nashville,1998.0,Dry Van,41695.0,2025-07-23,1.27214,2.13503,16951.43,8.4841991991992
TR-044503,Columbia,Shreveport,650.2,Dry Van,21435.0,2025-10-09,1.06397,1.92558,5511.27,8.476268840356813
TR-011671,Detroit,Fort Wayne,221.1,Dry Van,31601.0,2025-03-15,1.05281,2.38668,1872.01,8.466802351876979
TR-034584,Atlanta,Fresno,2242.0,Dry Van,32005.0,2025-08-06,1.09714,1.98678,18972.15,8.462154326494202
TR-045174,Corpus Christi,Atlanta,832.1,Dry Van,47500.0,2025-10-13,0.88212,1.87079,7004.3,8.417618074750632
TR-006852,Memphis,Mobile,343.7,Flatbed,34901.0,2025-02-13,1.06103,2.56621,2886.92,8.399534477742218
TR-021796,Detroit,Fort Wayne,213.9,Reefer,18041.0,2025-05-18,1.20517,1.50848,1794.15,8.387798036465638
TR-029888,Mobile,Cincinnati,458.6,Flatbed,37932.0,2025-07-07,1.18456,1.68712,3845.66,8.385651984300043
TR-047587,Corpus Christi,Las Vegas,1383.3,Flatbed,18645.0,2025-10-29,1.01713,2.02448,11596.28,8.383055013373816
TR-039368,Baton Rouge,Grand Rapids,1103.7,Dry Van,22408.0,2025-09-06,0.88674,1.85875,9250.6,8.381444233034339
TR-023974,Boston,Cincinnati,1119.8,Flatbed,22612.0,2025-05-31,1.25222,2.0566,9379.48,8.376031434184675
TR-043643,Milwaukee,Baltimore,985.2,Dry Van,16150.0,2025-10-04,0.93795,2.21345,8236.26,8.359987819732034
TR-005524,Lexington,Richmond,574.8,Flatbed,32384.0,2025-02-04,0.96078,2.13407,4790.22,8.333716075156577
TR-025526,Hartford,Philadelphia,70.0,Reefer,43660.0,2025-06-10,1.26439,3.44949,579.9,8.284285714285714
TR-030247,Cincinnati,Albany,1110.8,Dry Van,36937.0,2025-07-10,1.32643,2.05626,9195.08,8.277889809146561
TR-015897,New Orleans,Baton Rouge,174.5,Dry Van,26864.0,2025-04-10,1.22636,1.40693,1441.44,8.260401146131805
TR-020246,Atlanta,Los Angeles,2153.5,Reefer,31758.0,2025-05-08,1.42571,1.96054,17772.53,8.252858137915021
TR-002031,Tucson,Houston,1247.6,Dry Van,46843.0,2025-01-13,0.86364,2.00528,10270.54,8.232237896761784
TR-035905,Nashville,Hartford,1082.9,Dry Van,35666.0,2025-08-15,1.0204,1.92842,8904.72,8.223030750761842
TR-013064,Dallas,Toledo,1040.3,Dry Van,24993.0,2025-03-24,1.06255,1.96186,8549.6,8.218398538883015
TR-023574,Boston,Nashville,1223.5,Flatbed,25738.0,2025-05-29,1.41937,1.92672,10045.86,8.21075602778913
TR-014612,Cincinnati,Corpus Christi,931.7,Dry Van,30768.0,2025-04-02,1.17827,2.17761,7648.0,8.208650853278952
TR-043887,Shreveport,Baltimore,1348.4,Reefer,25462.0,2025-10-05,0.86034,1.90892,11052.72,8.196914862058735
TR-004780,Greensboro,Little Rock,650.5,Reefer,33024.0,2025-01-31,1.01503,2.47628,5256.86,8.081260568793235
TR-021084,Las Vegas,Baton Rouge,1559.8,Dry Van,22992.0,2025-05-13,1.28711,2.18265,12569.71,8.058539556353379
TR-019517,Los Angeles,Nashville,2021.0,Flatbed,33799.0,2025-05-03,1.28844,2.07878,16229.57,8.03046511627907
TR-027388,St. Louis,Reno,1823.4,Dry Van,27053.0,2025-06-21,1.22629,1.85045,14628.56,8.022682900076779
TR-004389,Little Rock,Richmond,1068.0,Dry Van,33387.0,2025-01-28,0.96508,1.93107,8552.48,8.007940074906367
TR-013419,Columbia,Baton Rouge,711.6,Flatbed,25051.0,2025-03-26,1.15444,2.41337,5689.54,7.995418774592467
TR-001150,Houston,Baton Rouge,170.3,Flatbed,28954.0,2025-01-08,0.97019,2.77328,1359.6,7.983558426306517
TR-011425,Oklahoma City,Houston,295.6,Reefer,31932.0,2025-03-14,1.10456,2.83322,2353.6,7.96211096075778
TR-034654,Tulsa,Lexington,714.5,Reefer,33352.0,2025-08-06,1.10457,1.74392,5683.71,7.95480755773268
TR-009877,Richmond,Savannah,518.6,Dry Van,47500.0,2025-03-04,1.01704,2.2504,4109.58,7.924373312765137
TR-039363,Tulsa,Bakersfield,1477.7,Dry Van,30076.0,2025-09-06,0.88612,1.99466,11684.7,7.9073560262570215
TR-017014,Baton Rouge,Salt Lake City,1448.3,Dry Van,46414.0,2025-04-17,1.36563,1.99484,11311.81,7.810405302768763
TR-010384,New Orleans,Houston,242.8,Dry Van,47500.0,2025-03-07,1.1718,2.70453,1895.79,7.808031301482702
TR-007242,Montgomery,Albany,1403.3,Flatbed,45445.0,2025-02-15,0.96085,1.99404,10945.08,7.799529680039906
TR-020883,Reno,Memphis,1869.7,Flatbed,-19389.0,2025-05-12,1.26327,2.24126,14561.21,7.7879927261057915
TR-045024,Kansas City,Lexington,433.4,Reefer,44130.0,2025-10-12,0.90819,1.46865,3362.18,7.757683433317951
TR-035469,Lexington,Fresno,2305.9,Dry Van,42707.0,2025-08-12,0.9485,2.28957,17742.34,7.69432325773017
TR-030892,Montgomery,Memphis,404.2,Dry Van,28935.0,2025-07-13,1.11119,1.7271,3108.39,7.690227610094013
TR-045419,Savannah,Dayton,566.1,Reefer,30448.0,2025-10-15,1.05078,1.77099,4350.23,7.684561031619854
TR-003187,El Paso,Fort Wayne,1684.4,Reefer,29510.0,2025-01-21,0.92428,2.08536,12854.51,7.631506767988601
TR-024786,Jacksonville,Corpus Christi,833.7,Dry Van,35222.0,2025-06-05,1.39996,2.2769,6362.14,7.631210267482308
TR-018016,Green Bay,Richmond,851.0,Dry Van,27091.0,2025-04-24,1.36928,2.14432,6489.53,7.6257696827262045
TR-002869,Green Bay,Milwaukee,385.9,Flatbed,39458.0,2025-01-18,0.87155,2.36314,2940.51,7.619875615444417
TR-011484,Baton Rouge,Dallas,168.4,Dry Van,37602.0,2025-03-14,1.13297,2.82068,1280.51,7.603978622327791
TR-028814,Mobile,Boston,1397.3,Reefer,34745.0,2025-07-01,1.2226,1.85662,10620.88,7.601001932298003
TR-046583,Columbia,Shreveport,645.1,Reefer,13316.0,2025-10-22,1.04805,1.66524,4892.72,7.58443652146954
TR-036930,Kansas City,Phoenix,1894.0,Dry Van,21740.0,2025-08-21,1.08017,2.12559,14362.88,7.583357972544878
TR-021903,Jacksonville,Baltimore,926.1,Reefer,21481.0,2025-05-18,1.16454,1.88682,7010.39,7.569798077961344
TR-040620,Hartford,Syracuse,403.2,Dry Van,24101.0,2025-09-14,0.77192,2.10997,3043.83,7.549181547619048
TR-027510,Corpus Christi,Memphis,727.0,Dry Van,28276.0,2025-06-22,1.23208,2.24986,5472.77,7.527881705639616
TR-031333,Louisville,Syracuse,796.8,Dry Van,32961.0,2025-07-16,1.2625,2.04758,5970.35,7.492909136546186
TR-021951,Hartford,Oklahoma City,1851.3,Reefer,29871.0,2025-05-19,1.20795,1.97389,13863.47,7.4885053746016315
TR-030282,Charleston,Greensboro,262.4,Reefer,27066.0,2025-07-10,1.33903,1.32946,1962.96,7.48079268292683
TR-022474,Harrisburg,Chattanooga,706.3,Flatbed,31357.0,2025-05-22,1.38862,1.80194,5280.41,7.476157440181226
TR-024829,Nashville,Oklahoma City,758.5,Dry Van,32791.0,2025-06-05,1.3751,2.36117,5664.56,7.468108108108108
TR-029664,Indianapolis,Salt Lake City,1568.2,Reefer,47500.0,2025-07-06,1.12126,1.82599,11668.74,7.440849381456447
TR-009066,Grand Rapids,Fort Wayne,191.9,Reefer,25026.0,2025-02-27,1.11914,2.65934,1427.64,7.439499739447629
TR-040679,Jacksonville,Baton Rouge,575.6,Dry Van,38260.0,2025-09-14,0.79167,2.28956,4277.4,7.431202223766504
TR-035579,Las Vegas,Bakersfield,111.4,Dry Van,33701.0,2025-08-13,1.0679,1.90593,822.99,7.38770197486535
TR-038772,Houston,New York,1543.2,Reefer,40543.0,2025-09-02,0.91654,2.19666,11377.49,7.372660705028512
TR-036337,Louisville,San Antonio,953.3,Dry Van,27815.0,2025-08-18,0.93015,1.92583,7005.3,7.3484737228574435
TR-011935,Corpus Christi,Columbia,977.9,Reefer,29365.0,2025-03-17,0.98649,2.28838,7177.73,7.339942734430923
TR-017764,Greensboro,Phoenix,2295.4,Reefer,43657.0,2025-04-22,1.26369,1.95061,16841.6,7.337109000609915
TR-001418,Dallas,Atlanta,613.6,Flatbed,22461.0,2025-01-09,1.00981,2.25857,4485.75,7.310544328552803
TR-014177,Hartford,Memphis,1159.1,Dry Van,15947.0,2025-03-31,1.00746,1.90998,8401.52,7.2483133465619884
TR-007297,Atlanta,San Antonio,879.2,Dry Van,25144.0,2025-02-16,0.87188,1.93776,6369.91,7.245120564149226
TR-001747,Columbia,Houston,882.9,Flatbed,29523.0,2025-01-11,0.89791,2.14219,6394.62,7.242745497791369
TR-007455,Richmond,Nashville,794.0,Dry Van,16548.0,2025-02-17,0.89741,1.85064,5737.51,7.226083123425693
TR-015954,Montgomery,Raleigh,675.2,Dry Van,40530.0,2025-04-11,1.17294,1.93045,4874.66,7.219579383886256
TR-025173,Toledo,Baltimore,806.2,Dry Van,35622.0,2025-06-08,1.17944,2.05644,5812.47,7.209712230215827
TR-023305,El Paso,Tulsa,1071.1,Reefer,25243.0,2025-05-27,1.25851,1.80396,7683.65,7.1736065726822895
TR-026437,Lubbock,Memphis,841.4,Dry Van,42102.0,2025-06-16,1.24165,2.34966,6007.57,7.139969099120513
TR-036392,Houston,Tucson,1280.7,Reefer,37808.0,2025-08-18,0.852,1.81515,9127.43,7.126907160146795
TR-019914,Dallas,Cincinnati,698.4,Dry Van,18470.0,2025-05-06,1.31168,2.00137,4972.59,7.119974226804124
TR-004486,Chattanooga,Memphis,168.9,Reefer,36503.0,2025-01-29,1.01027,2.99691,1201.66,7.114624037892244
TR-036616,Philadelphia,Richmond,295.9,Flatbed,24633.0,2025-08-20,1.04437,2.11584,2104.27,7.1114227779655295
TR-046426,Raleigh,Columbia,417.8,Dry Van,44664.0,2025-10-21,0.932,1.86109,2970.76,7.110483484921015
TR-017929,Buffalo,Lexington,563.2,Dry Van,27442.0,2025-04-23,1.31755,2.07736,4004.08,7.109517045454544
TR-029268,Philadelphia,Columbia,759.6,Dry Van,33554.0,2025-07-03,1.36982,2.03043,5397.96,7.1063191153238545
TR-015538,Tulsa,Lubbock,460.6,Dry Van,37857.0,2025-04-08,1.14346,1.63673,3271.83,7.103408597481545
TR-044162,Baton Rouge,Detroit,1189.2,Flatbed,31603.0,2025-10-07,0.95007,2.02274,8425.34,7.084880591994618
TR-042453,Fort Wayne,Hartford,840.2,Dry Van,20529.0,2025-09-26,0.91051,1.93104,5949.01,7.080468935967627
TR-015478,Columbia,Washington,542.8,Dry Van,38195.0,2025-04-08,1.12919,1.90426,3839.88,7.074207811348564
TR-009156,Green Bay,Shreveport,1021.4,Dry Van,19364.0,2025-02-28,1.07489,1.93979,7214.86,7.063696886626199
TR-043131,Charleston,Nashville,568.0,Dry Van,38481.0,2025-09-30,0.88423,2.22526,4000.2,7.0426056338028165
TR-009429,Louisville,Shreveport,510.2,Flatbed,39971.0,2025-03-02,0.91587,2.46249,3587.96,7.032457859662878
TR-030511,Cincinnati,Nashville,193.4,Reefer,40181.0,2025-07-11,1.27601,1.09003,1358.99,7.02683557394002
TR-010916,San Francisco,Tucson,682.8,Flatbed,35029.0,2025-03-11,1.03993,2.32166,4776.34,6.995225541886351
TR-039612,Greensboro,Chattanooga,289.2,Dry Van,44830.0,2025-09-08,0.85579,2.48479,2021.98,6.991632088520055
TR-044423,Montgomery,Raleigh,679.7,Dry Van,33249.0,2025-10-08,1.06877,1.89541,4747.88,6.985258202148006
TR-031202,El Paso,Kansas City,1362.6,Dry Van,44357.0,2025-07-15,1.23036,2.11456,9445.95,6.932298546895642
TR-039909,Montgomery,Washington,838.2,Reefer,31435.0,2025-09-10,0.97825,2.30039,5795.79,6.914566929133858
TR-046614,Little Rock,Buffalo,1038.6,Flatbed,18497.0,2025-10-23,1.05025,2.01241,7151.41,6.885624879645677
TR-017385,Fresno,Memphis,2015.3,Flatbed,33377.0,2025-04-20,1.17109,2.13889,13847.57,6.871220165732149
TR-044614,Tampa,Mobile,307.6,Reefer,47500.0,2025-10-10,1.00233,1.21994,2094.59,6.80946033810143
TR-009527,Harrisburg,Kansas City,800.6,Dry Van,17648.0,2025-03-02,0.98947,1.90603,5417.77,6.767137147139645
TR-037933,Chattanooga,Lexington,224.4,Dry Van,41751.0,2025-08-28,1.05614,1.66978,1497.36,6.672727272727272
TR-043303,Atlanta,Phoenix,2083.1,Reefer,40335.0,2025-10-01,0.9074,1.94613,13894.55,6.670131054678124
TR-019091,Hartford,Little Rock,1374.0,Dry Van,43480.0,2025-04-30,1.36212,2.09302,9161.37,6.667663755458516
TR-000389,Corpus Christi,Chattanooga,823.0,Flatbed,39556.0,2025-01-03,0.92409,2.22467,5485.49,6.665236938031591
TR-018570,Little Rock,Nashville,296.1,Reefer,41264.0,2025-04-27,1.18887,1.21921,1972.95,6.663120567375886
TR-016265,Albany,Baton Rouge,1714.3,Dry Van,29943.0,2025-04-13,1.03791,2.30634,11408.87,6.655118707344106
TR-028750,Memphis,Grand Rapids,644.8,Reefer,34743.0,2025-06-30,1.19912,2.63296,4288.85,6.651442307692308
TR-032085,Nashville,Amarillo,1115.9,Reefer,35813.0,2025-07-21,1.12249,1.68685,7417.99,6.647540102159691
TR-007633,Syracuse,Jacksonville,1003.7,Dry Van,22400.0,2025-02-18,1.02739,1.84565,6646.55,6.622048420842881
TR-042736,Jacksonville,Tucson,1943.0,Dry Van,16292.0,2025-09-28,0.78263,1.84861,12797.54,6.586484817292846
TR-004042,Tucson,Baton Rouge,1410.7,Flatbed,30966.0,2025-01-26,0.83213,1.99559,9275.66,6.5752179768909045
TR-004744,Phoenix,Jacksonville,2212.4,Reefer,38134.0,2025-01-30,1.06262,2.14388,14536.22,6.570339902368468
TR-047662,Phoenix,Oklahoma City,1261.3,Dry Van,35825.0,2025-10-30,1.06957,2.01821,8276.0,6.561484182985809
TR-017709,Mobile,Bakersfield,1946.7,Flatbed,28838.0,2025-04-22,1.24939,2.11525,12750.46,6.549781681820516
TR-036680,El Paso,Greensboro,1813.7,Dry Van,20366.0,2025-08-20,1.00259,1.7615,11839.2,6.5276506588741245
TR-020882,Reno,Dayton,2004.1,Dry Van,17891.0,2025-05-12,1.22414,2.32767,12906.22,6.439908188214161
TR-025800,Indianapolis,Buffalo,684.6,Dry Van,33312.0,2025-06-12,,2.20506,4396.72,6.422319602687701
TR-047299,Boston,Bakersfield,2979.1,Reefer,30585.0,2025-10-27,0.86501,2.09472,19110.3,6.414789701587728
TR-046367,Bakersfield,Columbia,2251.9,Dry Van,40729.0,2025-10-21,0.94743,2.19163,14403.14,6.395994493538789
TR-012214,Green Bay,Atlanta,775.0,Dry Van,47500.0,2025-03-19,1.1708,2.11848,4946.86,6.3830451612903225
TR-045988,Hartford,Fort Wayne,832.2,Flatbed,33558.0,2025-10-19,0.86136,1.92609,5308.55,6.378935352078827
TR-034474,Austin,Lexington,1170.0,Dry Van,25131.0,2025-08-05,1.01271,2.24062,7436.41,6.355905982905983
TR-033274,Tucson,Montgomery,1848.1,Dry Van,40927.0,2025-07-29,1.01446,2.21746,11700.79,6.331253720036796
TR-028700,Bakersfield,Buffalo,2396.0,Dry Van,36757.0,2025-06-30,1.20963,2.00026,15165.13,6.329353088480801
TR-004315,Harrisburg,Savannah,568.4,Dry Van,32405.0,2025-01-28,0.90996,2.00282,3589.02,6.314250527797326
TR-027381,Oklahoma City,New York,1713.2,Dry Van,31476.0,2025-06-21,1.25125,1.97389,10809.73,6.309671958907307
TR-026202,Albany,Shreveport,1649.8,Dry Van,21136.0,2025-06-15,1.22519,1.92921,10402.19,6.305121832949449
TR-006756,Philadelphia,Dallas,1502.6,Flatbed,32707.0,2025-02-12,1.03761,2.02891,9457.25,6.293923865300147
TR-040159,San Francisco,Shreveport,1950.8,Dry Van,40882.0,2025-09-11,1.01516,2.01542,12240.81,6.27476419930285
TR-033305,New York,Nashville,1005.1,Dry Van,21174.0,2025-07-29,1.03224,2.22811,6289.74,6.257825092030643
TR-006808,Milwaukee,New York,948.4,Dry Van,38229.0,2025-02-12,1.05411,2.01773,5927.63,6.250137072964994
TR-006809,Hartford,Savannah,782.2,Dry Van,35670.0,2025-02-12,1.05536,1.98109,4887.74,6.248708770135514
TR-005828,Charleston,Atlanta,464.9,Dry Van,36187.0,2025-02-06,1.09503,2.2216,2899.13,6.236029253602926
TR-035524,Los Angeles,Mobile,1971.1,Dry Van,25894.0,2025-08-12,0.97499,2.37027,12284.47,6.232291613819695
TR-006378,Oklahoma City,Memphis,681.2,Dry Van,24581.0,2025-02-10,0.89574,2.07664,4241.97,6.227201996476806
TR-032869,Grand Rapids,Cincinnati,528.5,Reefer,12785.0,2025-07-26,0.97501,1.81913,3288.98,6.223235572374645
TR-035298,Montgomery,Kansas City,749.2,Reefer,37715.0,2025-08-11,0.96693,2.0783,4651.57,6.2087159636946065
TR-033647,Memphis,Savannah,536.0,Dry Van,24842.0,2025-07-31,1.12853,1.97714,3325.09,6.203526119402985
TR-001176,Tucson,Phoenix,260.5,Dry Van,26547.0,2025-01-08,0.96147,2.2471,1609.22,6.17742802303263
TR-031131,Dayton,Baltimore,819.7,Dry Van,14146.0,2025-07-15,1.21306,2.1938,5061.61,6.174954251555446
TR-002976,Green Bay,Syracuse,641.6,Dry Van,26110.0,2025-01-19,0.84768,1.92478,3937.32,6.136720698254364
TR-004658,Baltimore,Reno,2884.1,Dry Van,35317.0,2025-01-30,1.06754,1.72427,17688.63,6.133154190215319
TR-012268,Dayton,Columbia,466.7,Reefer,28022.0,2025-03-19,1.18265,2.49389,2855.19,6.117827298050139
TR-033087,Oklahoma City,Hartford,1819.2,Flatbed,31163.0,2025-07-28,0.99486,2.08736,11117.85,6.111395118733509
TR-017795,Richmond,Albany,590.0,Dry Van,34876.0,2025-04-22,1.27436,2.06192,3600.02,6.101728813559322
TR-004035,Memphis,Atlanta,249.7,Dry Van,30086.0,2025-01-26,0.84632,2.35157,1518.51,6.081337605126151
TR-009990,Nashville,Albany,1279.0,Dry Van,23175.0,2025-03-05,1.15803,1.8645,7768.03,6.073518373729476
TR-042992,Houston,Hartford,1667.1,Dry Van,20533.0,2025-09-29,0.78127,1.8657,10119.16,6.069917821366445
TR-002048,Mobile,Harrisburg,927.5,Dry Van,37585.0,2025-01-13,0.85003,1.86657,5623.85,6.06345013477089
TR-002769,Amarillo,Las Vegas,742.2,Reefer,34155.0,2025-01-18,0.87009,2.25991,4491.82,6.05203449205066
TR-005727,Albany,Milwaukee,1078.0,Dry Van,45463.0,2025-02-05,1.03228,1.94408,6494.7,6.024768089053803
TR-039439,Tucson,Houston,1292.0,Dry Van,40140.0,2025-09-07,0.82468,2.10254,7773.89,6.016942724458205
TR-003909,Green Bay,Lubbock,1389.2,Dry Van,25352.0,2025-01-25,0.88292,1.80121,8339.05,6.002771379211056
TR-002219,Columbia,Tulsa,795.6,Flatbed,33977.0,2025-01-14,0.92936,2.14607,4773.73,6.00016339869281
TR-037362,New Orleans,Birmingham,406.5,Dry Van,26576.0,2025-08-24,0.84702,2.13799,2437.64,5.996654366543665
TR-033312,Los Angeles,Mobile,1945.6,Dry Van,19268.0,2025-07-29,1.00732,2.37599,11663.11,5.994608347039474
TR-035209,Washington,Cincinnati,649.3,Dry Van,29519.0,2025-08-10,0.92467,2.25438,3882.23,5.979100569844448
TR-001330,Harrisburg,Tulsa,1190.5,Dry Van,28538.0,2025-01-09,0.9801,1.87616,7100.73,5.9644939101217975
TR-039514,Cincinnati,Green Bay,593.2,Flatbed,-33699.0,2025-09-07,0.82737,2.32894,3509.58,5.916351989211058
TR-037963,San Francisco,Atlanta,2287.0,Dry Van,27878.0,2025-08-28,1.055,2.37447,13409.18,5.863218189768255
TR-028216,Washington,San Antonio,1613.7,Dry Van,28792.0,2025-06-27,1.31844,2.10183,9397.64,5.823659912003469
TR-007361,Corpus Christi,Philadelphia,1739.9,Flatbed,30157.0,2025-02-16,0.90498,1.95132,10115.44,5.813805391114432
TR-039292,Indianapolis,Amarillo,1083.3,Dry Van,35906.0,2025-09-06,0.83947,2.10738,6295.71,5.811603433951814
TR-025178,New York,Jacksonville,949.4,Dry Van,42968.0,2025-06-08,1.21727,2.07421,5505.06,5.798462186644197
TR-045286,Providence,Baton Rouge,1590.7,Dry Van,30170.0,2025-10-14,0.93687,2.10491,9208.2,5.788772238637078
TR-044268,Albany,Albuquerque,2492.6,Dry Van,25513.0,2025-10-08,1.0559,2.38846,14425.42,5.787298403273691
TR-043077,Lexington,Charleston,436.3,Dry Van,32646.0,2025-09-30,0.84665,2.3129,2522.62,5.781847352738941
TR-047821,Los Angeles,Little Rock,1722.4,Reefer,41796.0,2025-10-30,1.03114,1.86271,9939.89,5.770953320947514
TR-038838,Fort Wayne,Hartford,858.3,Dry Van,36326.0,2025-09-03,0.98087,1.99092,4931.28,5.745403704998252
TR-038045,Baton Rouge,Richmond,1212.4,Dry Van,21517.0,2025-08-29,0.96384,1.96575,6964.45,5.744350049488617
TR-015037,Mobile,Savannah,439.5,Dry Van,24497.0,2025-04-05,1.07526,1.90381,2524.43,5.7438680318543796
TR-024636,Milwaukee,Fresno,2053.7,Dry Van,27923.0,2025-06-04,1.36727,1.95175,11729.5,5.711398938501242
TR-024128,Greensboro,Baton Rouge,816.3,Dry Van,30121.0,2025-06-01,1.21001,2.09527,4621.66,5.661717505818939
TR-046668,Albuquerque,Lexington,1643.6,Dry Van,21757.0,2025-10-23,1.01507,2.20519,9305.14,5.6614383061572155
TR-031303,Milwaukee,Dallas,778.6,Flatbed,29248.0,2025-07-16,1.302,1.76422,4358.6,5.597996403801695
TR-006169,Raleigh,Columbia,401.5,Reefer,20956.0,2025-02-08,0.95215,2.35588,2220.18,5.529713574097135
TR-024401,Toledo,Mobile,877.7,Dry Van,32470.0,2025-06-03,1.28767,2.16388,4802.35,5.4715164634841065
TR-021071,Corpus Christi,Atlanta,843.7,Dry Van,29001.0,2025-05-13,1.30145,1.94637,4610.02,5.464051203034254
TR-038460,San Antonio,Grand Rapids,1352.0,Reefer,44265.0,2025-08-31,0.86237,1.93871,7384.72,5.46207100591716
TR-032679,El Paso,Savannah,1870.5,Dry Van,24333.0,2025-07-25,1.06596,2.35637,10182.59,5.443779738037958
TR-006123,Nashville,Dallas,538.0,Dry Van,29535.0,2025-02-08,0.93847,2.13164,2907.97,5.405148698884758
TR-047537,Los Angeles,Richmond,2782.4,Dry Van,25730.0,2025-10-29,1.0341,2.39203,15003.55,5.39230520414031
TR-035197,Amarillo,Fresno,1031.1,Reefer,25279.0,2025-08-10,0.87449,2.15829,5553.52,5.386014935505772
TR-033233,Baton Rouge,Albany,1759.5,Dry Van,34332.0,2025-07-29,,2.27971,9454.94,5.373651605569765
TR-002663,Grand Rapids,Reno,1951.9,Dry Van,29933.0,2025-01-17,1.02555,1.68637,10436.26,5.346718581894564
TR-000786,Kansas City,Charleston,861.5,Dry Van,28959.0,2025-01-06,0.83097,1.91323,4587.83,5.325397562391178
TR-029645,Green Bay,Jacksonville,1008.7,Reefer,23666.0,2025-07-06,1.15901,1.92733,5358.34,5.312124516704669
TR-024673,El Paso,Charleston,2028.3,Flatbed,27008.0,2025-06-04,1.40202,2.17107,10705.58,5.27810481684169
TR-034374,New York,Tulsa,1444.5,Dry Van,13908.0,2025-08-05,1.01849,2.26301,7603.41,5.263696780893042
TR-013848,Phoenix,Baltimore,3127.2,Dry Van,21371.0,2025-03-29,1.05909,1.69055,16386.16,5.239882322844718
TR-026947,Columbia,Bakersfield,2187.2,Dry Van,26570.0,2025-06-19,1.35915,1.92802,11439.83,5.230353877103146
TR-029790,Savannah,Detroit,842.0,Dry Van,27870.0,2025-07-07,1.16853,2.07064,4351.72,5.1683135391923996
TR-003029,Harrisburg,Oklahoma City,1489.5,Reefer,34450.0,2025-01-20,0.8359,2.18843,7679.26,5.155595837529372
TR-045774,Kansas City,Green Bay,466.3,Dry Van,32352.0,2025-10-17,1.02308,1.83091,2389.43,5.124233326184859
TR-017208,San Antonio,Memphis,782.8,Dry Van,28855.0,2025-04-19,1.1956,2.01511,4002.84,5.1134900357690345
TR-026991,Syracuse,Amarillo,1860.8,Dry Van,27170.0,2025-06-19,1.39991,1.99193,9471.39,5.089955932932072
TR-028780,Phoenix,Tampa,2068.4,Dry Van,45171.0,2025-06-30,1.16543,1.99965,10498.93,5.075870237865017
TR-030750,Philadelphia,Louisville,947.0,Dry Van,27438.0,2025-07-13,1.1562,2.19511,4795.16,5.063526927138332
TR-009766,Chattanooga,Phoenix,1985.4,Reefer,26659.0,2025-03-04,1.0482,1.97355,10036.5,5.055152614082804
TR-000470,Phoenix,Jacksonville,2154.3,Dry Van,22509.0,2025-01-04,0.84517,1.76215,10854.69,5.038615791672469
TR-044287,Mobile,Richmond,944.9,Dry Van,37887.0,2025-10-08,1.03164,1.99996,4729.66,5.005460895332839
TR-001950,Hartford,Reno,2794.2,Reefer,35166.0,2025-01-13,0.83784,1.91304,13918.0,4.981032138000144
TR-042438,Toledo,Austin,1445.9,Dry Van,37298.0,2025-09-26,0.89811,1.93929,7197.15,4.977626391866657
TR-037944,Albany,Green Bay,978.6,Dry Van,29194.0,2025-08-28,1.0234,2.0391,4845.77,4.951737175556918
TR-032878,Amarillo,Raleigh,1791.7,Flatbed,38249.0,2025-07-26,1.00777,2.06245,8768.95,4.894206619411732
TR-040080,Tucson,Columbia,2046.7,Flatbed,23285.0,2025-09-11,1.0281,2.03725,9993.31,4.8826452337909805
TR-040046,Washington,Atlanta,688.3,Dry Van,35557.0,2025-09-10,1.00782,2.15917,3348.83,4.86536394014238
TR-026011,Richmond,Fresno,2792.2,Dry Van,19867.0,2025-06-13,1.37077,1.8566,13432.05,4.810561564357854
TR-018418,Providence,Phoenix,3110.8,Flatbed,33214.0,2025-04-26,1.27372,2.21169,14934.48,4.8008486562942005
TR-002786,Milwaukee,Richmond,748.1,Dry Van,36081.0,2025-01-18,0.93245,2.02199,3582.08,4.788236866729046
TR-011344,San Antonio,Columbia,1111.0,Dry Van,34745.0,2025-03-13,1.15734,2.03474,5316.68,4.785490549054906
TR-005546,Bakersfield,Baton Rouge,1628.9,Dry Van,23809.0,2025-02-04,0.97174,1.78337,7772.01,4.771324206519737
TR-018271,El Paso,Columbia,1825.3,Dry Van,-36413.0,2025-04-25,1.35588,2.18505,8708.21,4.7708376705199145
TR-002804,Oklahoma City,Birmingham,824.1,Dry Van,31040.0,2025-01-18,0.85818,2.08475,3930.74,4.769736682441451
TR-039460,Phoenix,Lexington,2217.9,Dry Van,32609.0,2025-09-07,0.8206,1.85439,10528.39,4.74700843139907
TR-004420,San Antonio,Columbia,1134.3,Dry Van,28778.0,2025-01-28,0.93969,1.85769,5271.0,4.6469188045490615
TR-026643,Fresno,Savannah,2571.0,Dry Van,47500.0,2025-06-17,1.24969,1.9893,11700.83,4.551081291326332
TR-027836,Richmond,Phoenix,2651.3,Dry Van,42643.0,2025-06-24,1.27182,1.94687,12021.48,4.534183230867876
TR-010186,Austin,Columbia,1201.7,Dry Van,22602.0,2025-03-06,1.10888,1.88542,5426.96,4.516068902388283
TR-009695,Boston,Louisville,1206.3,Dry Van,29562.0,2025-03-03,0.97512,1.92897,5417.5,4.4910055541739204
TR-006982,Fresno,Montgomery,2255.6,Flatbed,-22094.0,2025-02-14,1.06188,1.92707,9825.71,4.356140273098067
TR-014113,Reno,Oklahoma City,1459.0,Dry Van,23804.0,2025-03-31,0.9998,1.89762,6302.61,4.319814941740918
TR-042646,Boston,Phoenix,3183.8,Dry Van,32231.0,2025-09-27,0.82572,1.77316,13420.59,4.215274200640744
TR-043727,Reno,Toledo,2117.6,Dry Van,25124.0,2025-10-04,0.94851,2.37759,8592.93,4.057862674726105
TR-028293,Memphis,Nashville,114.3,Reefer,36153.0,2025-06-27,1.34974,3.61035,408.25,3.5717410323709538
TR-042052,Nashville,Chattanooga,76.5,Reefer,35629.0,2025-09-23,0.89804,3.46217,269.11,3.517777777777778
TR-040322,Nashville,Chattanooga,71.3,Reefer,46022.0,2025-09-12,0.96261,3.49659,247.85,3.4761570827489483
TR-047962,Chattanooga,Nashville,70.0,Reefer,33010.0,2025-10-31,1.03217,0.74553,241.41,3.448714285714286
TR-031389,Austin,San Antonio,103.8,Reefer,35222.0,2025-07-17,1.32255,0.73111,357.76,3.446628131021195
TR-036071,Nashville,Chattanooga,74.3,Reefer,38599.0,2025-08-16,0.96854,2.08372,255.7,3.4414535666218034
TR-011312,Lubbock,Austin,70.0,Flatbed,42249.0,2025-03-13,1.17169,3.45038,240.46,3.435142857142857
TR-025381,Dallas,Houston,114.1,Reefer,30487.0,2025-06-09,1.18091,3.42318,391.19,3.428483786152498
TR-045628,Baton Rouge,Houston,167.8,Reefer,47181.0,2025-10-16,1.09121,0.7062,575.03,3.426877234803337
TR-028830,San Antonio,Lubbock,122.1,Reefer,39385.0,2025-07-01,1.26273,0.71958,417.85,3.4221949221949224
TR-023324,Lubbock,San Antonio,128.6,Reefer,38484.0,2025-05-27,1.30758,0.69228,439.39,3.416718506998445
TR-013409,Hartford,Philadelphia,79.2,Reefer,45577.0,2025-03-26,1.19814,3.42575,269.8,3.4065656565656566
TR-044571,Chattanooga,Atlanta,83.1,Reefer,40534.0,2025-10-09,1.05532,0.74801,282.04,3.3939831528279187
TR-012657,Memphis,Nashville,118.2,Reefer,43467.0,2025-03-22,1.09285,3.42078,400.75,3.3904399323181047
TR-043704,Austin,Lubbock,70.0,Flatbed,31909.0,2025-10-04,0.91077,0.7816,236.92,3.3845714285714283
TR-028262,Milwaukee,Indianapolis,119.0,Flatbed,40072.0,2025-06-27,1.31981,3.34194,402.69,3.3839495798319326
TR-025070,Atlanta,Nashville,128.0,Reefer,37786.0,2025-06-07,1.26764,3.36892,432.31,3.377421875
TR-043894,Chattanooga,Atlanta,82.9,Reefer,37082.0,2025-10-05,0.84868,0.73028,279.76,3.3746682750301567
TR-019764,Houston,Dallas,128.0,Reefer,47052.0,2025-05-05,1.21453,0.71474,431.92,3.374375
TR-026068,Atlanta,Birmingham,140.0,Reefer,38649.0,2025-06-14,1.25556,3.36431,472.03,3.371642857142857
TR-028910,Memphis,Nashville,109.9,Reefer,38192.0,2025-07-01,1.26431,0.78977,370.42,3.3705186533212013
TR-039228,Nashville,Chattanooga,76.6,Reefer,24802.0,2025-09-05,0.97774,3.34235,258.05,3.3687989556135776
TR-026275,Houston,Corpus Christi,192.8,Reefer,37885.0,2025-06-15,1.16383,3.38071,649.36,3.3680497925311204
TR-001465,Lubbock,Austin,70.0,Reefer,36236.0,2025-01-10,0.93515,3.36465,235.59,3.3655714285714287
TR-046979,Chattanooga,Nashville,85.5,Reefer,38757.0,2025-10-25,0.90652,0.79974,287.65,3.364327485380117
TR-012364,Los Angeles,Phoenix,79.2,Reefer,37509.0,2025-03-20,1.2008,3.37438,266.09,3.3597222222222216
TR-039787,Lubbock,Austin,70.0,Reefer,11812.0,2025-09-09,0.94992,3.37635,235.09,3.3584285714285715
TR-028165,Louisville,Cincinnati,72.1,Flatbed,24722.0,2025-06-26,1.36859,3.32274,241.97,3.3560332871012486
TR-023963,Phoenix,Los Angeles,81.0,Reefer,35242.0,2025-05-31,1.24588,0.74443,271.67,3.353950617283951
TR-039000,Philadelphia,Hartford,70.5,Reefer,37816.0,2025-09-04,1.01608,3.33128,236.37,3.3527659574468087
TR-021419,Shreveport,Little Rock,153.5,Reefer,37879.0,2025-05-15,1.39699,0.77942,514.4,3.3511400651465797
TR-009754,San Antonio,Austin,83.0,Reefer,39524.0,2025-03-03,0.98462,3.38219,278.0,3.3493975903614457
TR-028378,Chattanooga,Birmingham,165.6,Reefer,32907.0,2025-06-28,1.2409,3.37723,554.2,3.346618357487923
TR-021059,Oklahoma City,Lubbock,185.1,Reefer,38834.0,2025-05-13,1.31044,0.83531,619.06,3.344462452728255
TR-043759,Memphis,Nashville,114.5,Reefer,35060.0,2025-10-04,0.96874,0.86406,382.8,3.343231441048035
TR-024220,Cincinnati,Louisville,70.0,Flatbed,46866.0,2025-06-02,1.23161,3.34531,233.81,3.3401428571428573
TR-032596,San Antonio,Oklahoma City,215.1,Reefer,47500.0,2025-07-24,1.29902,0.84061,715.77,3.3276150627615064
TR-014187,Baton Rouge,Houston,180.2,Reefer,34412.0,2025-03-31,1.04656,3.35349,599.47,3.3266925638179803
TR-025901,Birmingham,Atlanta,147.5,Reefer,32550.0,2025-06-12,1.39055,3.28839,490.35,3.3244067796610173
TR-024808,Hartford,Philadelphia,70.9,Reefer,36313.0,2025-06-05,1.40786,3.36866,235.56,3.322425952045134
TR-023230,Chattanooga,Nashville,70.0,Reefer,26336.0,2025-05-27,1.26125,0.84094,232.35,3.3192857142857144
TR-043302,Atlanta,Chattanooga,84.4,Reefer,29124.0,2025-10-01,0.95071,0.80326,280.13,3.319075829383886
TR-010371,Cincinnati,Louisville,75.1,Reefer,-37791.0,2025-03-07,1.14061,3.31233,249.26,3.319041278295606
TR-009349,Shreveport,New Orleans,70.0,Flatbed,47500.0,2025-03-01,0.99365,3.30326,232.33,3.3190000000000004
TR-031230,Baton Rouge,Houston,160.1,Reefer,37016.0,2025-07-16,1.27097,0.83642,531.33,3.3187382885696444
TR-023147,Austin,San Antonio,99.1,Flatbed,45648.0,2025-05-26,1.20925,0.84597,328.85,3.318365287588295
TR-034137,Shreveport,New Orleans,70.0,Flatbed,37834.0,2025-08-03,0.92456,1.68014,232.27,3.3181428571428575
TR-046586,Shreveport,Baton Rouge,184.5,Reefer,47500.0,2025-10-22,1.01604,0.81813,612.12,3.3177235772357725
TR-019492,Los Angeles,Phoenix,81.0,Reefer,36154.0,2025-05-03,1.23424,0.822,268.73,3.3176543209876543
TR-042196,Chattanooga,Nashville,73.4,Reefer,14667.0,2025-09-24,0.95573,3.33834,243.49,3.3173024523160763
TR-013455,Los Angeles,Phoenix,88.7,Flatbed,42245.0,2025-03-27,1.22057,3.32436,294.13,3.316009019165727
TR-035760,San Antonio,Austin,97.8,Flatbed,32005.0,2025-08-14,1.08757,2.15882,324.08,3.3137014314928424
TR-036607,Cincinnati,Louisville,75.9,Reefer,41056.0,2025-08-19,0.97238,2.09394,251.48,3.3133069828722
TR-017530,Dallas,Shreveport,176.2,Reefer,38286.0,2025-04-21,1.16686,0.85589,583.65,3.312429057888763
TR-035230,Nashville,Chattanooga,79.1,Reefer,28624.0,2025-08-10,0.88007,1.85688,262.01,3.3123893805309734
TR-038825,Shreveport,Little Rock,153.5,Reefer,37926.0,2025-09-03,1.02437,3.34706,508.45,3.3123778501628665
TR-040335,Nashville,Memphis,122.7,Reefer,47500.0,2025-09-12,0.99394,3.28944,406.25,3.310920945395273
TR-025485,Los Angeles,Phoenix,87.7,Reefer,34881.0,2025-06-10,1.27089,3.34885,290.26,3.309692132269099
TR-016875,Los Angeles,Phoenix,84.4,Reefer,38715.0,2025-04-17,1.40255,0.87815,279.26,3.308767772511848
TR-021192,Nashville,Memphis,110.4,Reefer,37495.0,2025-05-14,1.37338,0.81157,365.23,3.308242753623188
TR-022659,Shreveport,Dallas,169.1,Reefer,39600.0,2025-05-23,1.36069,0.84432,559.38,3.3079834417504435
TR-029724,San Antonio,Lubbock,119.7,Reefer,42011.0,2025-07-06,1.13311,0.88603,395.91,3.3075187969924813
TR-027731,Chattanooga,Atlanta,78.0,Flatbed,27604.0,2025-06-24,1.27193,3.29582,257.94,3.306923076923077
TR-013513,Philadelphia,Hartford,70.9,Reefer,32533.0,2025-03-27,1.21146,3.32236,234.28,3.304372355430183
TR-041268,Austin,San Antonio,116.9,Flatbed,33965.0,2025-09-18,1.03735,3.32445,386.27,3.3042771599657823
TR-015757,Shreveport,New Orleans,70.0,Reefer,24122.0,2025-04-09,1.1832,0.83642,231.24,3.3034285714285714
TR-046847,Indianapolis,Milwaukee,105.2,Reefer,36498.0,2025-10-24,1.00067,0.86194,347.45,3.3027566539923954
TR-035247,Lubbock,San Antonio,127.6,Reefer,33830.0,2025-08-10,0.93507,2.07749,420.44,3.2949843260188088
TR-009540,Chattanooga,Nashville,81.6,Reefer,46368.0,2025-03-02,0.92999,3.28609,268.52,3.2906862745098038
TR-018993,Hartford,Philadelphia,70.0,Reefer,33998.0,2025-04-30,1.39721,0.89848,230.0,3.2857142857142856
TR-027654,Phoenix,Los Angeles,78.7,Flatbed,26375.0,2025-06-23,1.21239,3.32607,258.46,3.2841168996188053
TR-047767,Milwaukee,Indianapolis,113.4,Reefer,41000.0,2025-10-30,1.02482,0.95926,371.98,3.280246913580247
TR-042572,Shreveport,Baton Rouge,178.1,Reefer,35667.0,2025-09-27,0.81563,3.29926,584.16,3.2799550814149354
TR-025288,Dallas,Houston,112.1,Flatbed,29301.0,2025-06-08,1.23806,3.27324,367.49,3.278233719892953
TR-028569,Nashville,Atlanta,152.8,Reefer,36946.0,2025-06-29,1.14292,3.28144,499.25,3.2673429319371725
TR-045085,San Antonio,Austin,113.9,Reefer,27649.0,2025-10-13,0.85372,0.87417,372.04,3.2663740122914837
TR-043819,Chattanooga,Nashville,80.8,Flatbed,36890.0,2025-10-05,0.90218,0.89448,263.56,3.261881188118812
TR-025223,Atlanta,Nashville,135.7,Reefer,46940.0,2025-06-08,1.16366,3.26511,442.53,3.261090641120118
TR-026876,Albuquerque,El Paso,198.4,Reefer,40303.0,2025-06-18,1.35398,3.22458,646.77,3.259929435483871
TR-041626,St. Louis,Indianapolis,80.4,Reefer,23455.0,2025-09-20,0.87075,3.23337,262.05,3.259328358208955
TR-034455,Baton Rouge,Houston,164.0,Reefer,33711.0,2025-08-05,0.98025,1.7031,534.28,3.2578048780487805
TR-039487,San Antonio,Austin,105.5,Reefer,32135.0,2025-09-07,0.81906,3.23955,343.33,3.2543127962085308
TR-027499,Nashville,Cincinnati,196.2,Flatbed,42037.0,2025-06-22,1.20947,3.24551,638.18,3.252701325178389
TR-026297,Atlanta,Nashville,144.1,Reefer,37417.0,2025-06-15,1.17377,3.26591,468.6,3.251908396946565
TR-045756,Austin,Lubbock,70.0,Dry Van,35211.0,2025-10-17,1.0242,0.94583,227.6,3.2514285714285713
TR-028926,Los Angeles,Phoenix,76.4,Reefer,16616.0,2025-07-01,1.22591,0.87928,248.36,3.250785340314136
TR-025352,San Antonio,Oklahoma City,222.4,Reefer,41041.0,2025-06-09,1.25189,3.25388,722.55,3.2488758992805753
TR-019761,Nashville,Memphis,130.5,Reefer,45271.0,2025-05-05,1.15674,0.91732,423.97,3.2488122605363987
TR-025523,Montgomery,Jacksonville,140.0,Reefer,35953.0,2025-06-10,1.23818,3.26058,454.22,3.2444285714285717
TR-026739,Nashville,Memphis,123.5,Flatbed,27615.0,2025-06-18,1.3655,3.25933,400.68,3.2443724696356275
TR-011879,St. Louis,Indianapolis,89.2,Flatbed,36304.0,2025-03-17,1.00889,3.2232,289.39,3.2442825112107623
TR-027912,Shreveport,Baton Rouge,192.4,Reefer,25973.0,2025-06-25,1.30739,3.2396,623.73,3.241839916839917
TR-042405,Oklahoma City,San Antonio,214.9,Reefer,41656.0,2025-09-25,0.93823,3.26007,696.53,3.2411819450907395
TR-004257,Dallas,Houston,109.0,Reefer,30568.0,2025-01-27,0.87557,3.25459,353.27,3.2410091743119263
TR-020649,New York,Hartford,109.1,Reefer,47500.0,2025-05-10,1.28623,0.94105,353.32,3.2384967919340055
TR-028150,Montgomery,Jacksonville,148.8,Flatbed,31821.0,2025-06-26,1.38866,3.22668,480.81,3.2312499999999997
TR-013194,Indianapolis,Milwaukee,115.1,Reefer,39740.0,2025-03-25,1.08958,3.24097,371.88,3.230929626411816
TR-015300,Atlanta,Chattanooga,97.8,Reefer,37693.0,2025-04-07,1.03186,0.9187,315.93,3.2303680981595093
TR-013186,Baton Rouge,Shreveport,177.1,Flatbed,34517.0,2025-03-25,1.1113,3.22812,571.19,3.225239977413891
TR-047528,Indianapolis,St. Louis,93.0,Flatbed,46100.0,2025-10-29,0.98459,0.91607,299.74,3.223010752688172
TR-015878,San Antonio,Lubbock,129.6,Reefer,30155.0,2025-04-10,1.26398,0.88432,417.6,3.2222222222222223
TR-030734,Atlanta,Nashville,147.1,Reefer,43119.0,2025-07-12,1.22625,0.97167,473.3,3.2175390890550646
TR-025011,Dallas,New Orleans,179.3,Flatbed,32138.0,2025-06-07,1.26691,3.16515,576.86,3.2172894590072505
TR-029275,New Orleans,Baton Rouge,191.4,Reefer,38555.0,2025-07-03,1.36975,0.90357,615.72,3.2169278996865205
TR-008585,Nashville,Chattanooga,86.2,Reefer,29783.0,2025-02-24,0.91625,3.19627,277.25,3.2163573085846866
TR-042770,Kansas City,St. Louis,121.2,Reefer,31180.0,2025-09-28,0.70856,3.20286,389.7,3.2153465346534653
TR-028101,Houston,Dallas,104.2,Dry Van,38876.0,2025-06-26,1.35215,3.21248,334.97,3.21468330134357
TR-034756,Nashville,Chattanooga,88.5,Reefer,13902.0,2025-08-07,1.09853,1.65255,284.34,3.212881355932203
TR-031402,Indianapolis,Milwaukee,110.1,Reefer,33199.0,2025-07-17,1.34305,0.90919,353.69,3.21244323342416
TR-046762,Montgomery,Mobile,185.8,Reefer,40298.0,2025-10-23,1.07377,0.97459,596.86,3.21237890204521
TR-026141,Shreveport,Little Rock,151.2,Flatbed,31316.0,2025-06-14,1.29422,3.20513,485.41,3.2103835978835984
TR-024833,Baton Rouge,New Orleans,173.6,Reefer,31865.0,2025-06-05,1.39338,3.21072,557.32,3.2103686635944704
TR-001915,Lubbock,Austin,70.0,Reefer,28430.0,2025-01-12,0.78264,3.22762,224.72,3.2102857142857144
TR-025505,Atlanta,Birmingham,144.4,Reefer,28132.0,2025-06-10,1.28926,3.21272,463.51,3.2099030470914127
TR-029350,Shreveport,Dallas,152.8,Flatbed,38116.0,2025-07-04,1.30321,0.97044,490.31,3.2088350785340314
TR-043692,Austin,San Antonio,114.4,Flatbed,32560.0,2025-10-04,0.96673,0.9586,367.01,3.2081293706293703
TR-037274,Chattanooga,Atlanta,100.2,Reefer,47466.0,2025-08-24,0.83677,2.00907,321.32,3.2067864271457083
TR-027965,Louisville,Lexington,166.5,Reefer,29258.0,2025-06-25,1.33582,3.2448,533.63,3.2049849849849847
TR-030349,Nashville,Cincinnati,193.9,Reefer,39132.0,2025-07-10,1.34663,0.94481,620.69,3.201083032490975
TR-028829,Oklahoma City,San Antonio,204.2,Reefer,31686.0,2025-07-01,1.22216,0.96792,653.64,3.200979431929481
TR-044205,St. Louis,Kansas City,107.4,Reefer,35200.0,2025-10-07,0.99448,0.96361,343.65,3.199720670391061
TR-046674,Fort Wayne,Toledo,100.5,Reefer,38021.0,2025-10-23,1.06304,0.95467,321.41,3.1981094527363187
TR-042358,Nashville,Birmingham,188.4,Reefer,34898.0,2025-09-25,0.95741,3.2161,602.47,3.197823779193206
TR-044936,Austin,Lubbock,70.0,Dry Van,34980.0,2025-10-12,0.89892,0.94054,223.8,3.1971428571428575
TR-016382,Chattanooga,Atlanta,85.4,Reefer,23506.0,2025-04-14,1.04325,0.90662,272.89,3.1954332552693203
TR-028432,Corpus Christi,Oklahoma City,334.0,Flatbed,40401.0,2025-06-28,1.24468,3.20451,1067.19,3.195179640718563
TR-042858,Nashville,Cincinnati,189.1,Reefer,38041.0,2025-09-29,0.78105,3.22409,603.85,3.193283976731888
TR-006961,New Orleans,Shreveport,70.0,Flatbed,32802.0,2025-02-13,1.08341,3.16889,223.52,3.1931428571428575
TR-028802,Mobile,Montgomery,179.9,Reefer,30704.0,2025-06-30,1.18483,3.21524,574.27,3.192162312395775
TR-025067,Tulsa,New Orleans,197.9,Reefer,41032.0,2025-06-07,1.26373,3.18036,631.57,3.1913592723597777
TR-028922,Hartford,New York,126.3,Reefer,47500.0,2025-07-01,1.31867,0.95004,402.91,3.1901029295328587
TR-041748,Atlanta,Nashville,136.6,Flatbed,41492.0,2025-09-21,0.81106,3.20623,435.75,3.1899707174231335
TR-045737,New York,Hartford,113.8,Reefer,35206.0,2025-10-17,0.97183,0.94423,362.78,3.187873462214411
TR-027636,Philadelphia,New York,106.7,Flatbed,39799.0,2025-06-23,1.19991,3.18502,340.11,3.187535145267104
TR-042351,Shreveport,Houston,224.2,Flatbed,42986.0,2025-09-25,0.9775,3.17583,714.4,3.1864406779661016
TR-047486,Milwaukee,St. Louis,152.1,Reefer,46766.0,2025-10-29,1.01168,0.93373,484.6,3.1860618014464173
TR-033271,Baton Rouge,Shreveport,189.3,Reefer,38552.0,2025-07-29,1.02635,0.95964,602.71,3.1838880084521923
TR-027722,Memphis,Little Rock,226.6,Reefer,35656.0,2025-06-24,1.27565,3.17488,721.17,3.182568402471315
TR-032965,Nashville,Chattanooga,80.9,Reefer,17764.0,2025-07-27,0.92778,0.96478,257.43,3.1820766378244745
TR-031977,Oklahoma City,San Antonio,205.4,Reefer,32316.0,2025-07-20,1.09889,0.94763,652.88,3.1785783836416748
TR-028228,Cincinnati,Lexington,123.5,Reefer,23557.0,2025-06-27,1.30579,3.18189,392.35,3.176923076923077
TR-025276,Corpus Christi,San Antonio,197.4,Reefer,35088.0,2025-06-08,1.17366,3.21381,626.86,3.1755825734549137
TR-019466,Los Angeles,Phoenix,78.5,Flatbed,28741.0,2025-05-03,1.22016,0.95669,249.21,3.1746496815286624
TR-047073,Baltimore,Philadelphia,99.6,Reefer,38997.0,2025-10-26,0.85799,0.98696,316.19,3.174598393574297
TR-019335,Philadelphia,Hartford,70.0,Reefer,26905.0,2025-05-02,1.28446,0.97467,222.15,3.1735714285714285
TR-037916,Washington,Harrisburg,119.7,Reefer,39553.0,2025-08-28,1.05656,1.99858,379.75,3.172514619883041
TR-041878,Lexington,Cincinnati,120.9,Reefer,42731.0,2025-09-22,0.80283,3.20476,383.49,3.1719602977667494
TR-027126,Austin,San Antonio,105.2,Dry Van,37273.0,2025-06-20,1.35335,3.19389,333.61,3.171197718631179
TR-042526,Little Rock,Tulsa,221.0,Reefer,37948.0,2025-09-26,0.91123,3.16417,700.79,3.170995475113122
TR-041332,San Antonio,Austin,117.9,Reefer,25809.0,2025-09-19,0.90992,3.18059,373.8,3.1704834605597965
TR-019485,Lexington,Cincinnati,128.3,Reefer,41845.0,2025-05-03,1.25213,0.92692,406.67,3.169680436477007
TR-034668,New York,Hartford,127.6,Reefer,40664.0,2025-08-06,1.06751,2.0255,404.45,3.1696708463949843
TR-031245,Memphis,Nashville,108.3,Flatbed,29627.0,2025-07-16,1.30854,0.97925,343.21,3.1690674053554937
TR-006228,St. Louis,Indianapolis,77.4,Reefer,27530.0,2025-02-09,0.8885,3.18657,245.28,3.168992248062015
TR-032419,Greensboro,Columbia,146.5,Reefer,39926.0,2025-07-23,1.3124,1.01647,464.13,3.168122866894198
TR-008328,Louisville,Cincinnati,70.0,Reefer,26169.0,2025-02-22,,3.15398,221.73,3.1675714285714283
TR-019025,Nashville,Cincinnati,182.1,Reefer,34089.0,2025-04-30,1.37766,1.02116,576.75,3.1672158154859966
TR-009546,Baton Rouge,Houston,170.4,Reefer,46008.0,2025-03-02,0.94444,3.16888,539.5,3.1660798122065725
TR-028575,Chattanooga,Cincinnati,188.5,Flatbed,42918.0,2025-06-29,1.15782,3.14674,596.36,3.163713527851459
TR-036896,Hartford,Philadelphia,71.9,Reefer,30672.0,2025-08-21,1.06989,2.29318,227.45,3.1634214186369953
TR-047245,Nashville,Cincinnati,180.5,Reefer,47321.0,2025-10-27,0.83869,0.99293,570.97,3.163268698060942
TR-010588,St. Louis,Indianapolis,83.5,Reefer,40842.0,2025-03-09,0.93921,3.17079,264.13,3.163233532934132
TR-032248,Las Vegas,Bakersfield,110.1,Flatbed,41357.0,2025-07-22,1.21712,0.99462,348.25,3.1630336058128976
TR-046284,Hartford,Philadelphia,74.8,Flatbed,47500.0,2025-10-20,0.88967,1.02575,236.51,3.1618983957219253
TR-046171,Memphis,Little Rock,202.2,Reefer,43276.0,2025-10-20,0.89071,0.9688,639.17,3.161078140454995
TR-038066,Nashville,Atlanta,136.2,Reefer,32543.0,2025-08-29,1.00876,2.16859,430.44,3.160352422907489
TR-023119,Lexington,Louisville,174.4,Reefer,37838.0,2025-05-26,1.22136,1.01299,550.81,3.158314220183486
TR-028797,Kansas City,Madison,210.4,Reefer,36866.0,2025-06-30,1.25066,3.16613,664.39,3.157747148288973
TR-018879,Philadelphia,Hartford,71.2,Flatbed,38919.0,2025-04-29,1.29588,1.01675,224.74,3.1564606741573034
TR-029767,New Orleans,Little Rock,177.7,Reefer,27622.0,2025-07-07,1.18573,1.01676,560.53,3.1543612830613394
TR-047703,Hartford,Philadelphia,78.2,Flatbed,38298.0,2025-10-30,1.04151,1.00878,246.59,3.153324808184143
TR-012663,Atlanta,Nashville,140.6,Flatbed,34528.0,2025-03-22,1.0642,3.14986,443.22,3.1523470839260317
TR-027581,Montgomery,Tampa,263.8,Reefer,36267.0,2025-06-23,1.17335,3.12437,831.25,3.1510614101592114
TR-007405,Chattanooga,Nashville,86.8,Reefer,47500.0,2025-02-16,0.94106,3.17233,273.39,3.1496543778801844
TR-044010,Fort Wayne,Toledo,92.7,Reefer,36959.0,2025-10-06,0.83659,1.02461,291.93,3.149190938511327
TR-017807,Shreveport,Tulsa,214.5,Reefer,34201.0,2025-04-22,1.27486,1.00446,674.79,3.145874125874126
TR-019029,Birmingham,Mobile,200.3,Reefer,33410.0,2025-04-30,1.38032,1.06047,629.77,3.144133799301048
TR-026313,Shreveport,Baton Rouge,188.1,Reefer,12556.0,2025-06-15,1.17833,3.16118,590.91,3.1414673046251993
TR-029922,Columbia,Savannah,144.1,Reefer,35360.0,2025-07-08,1.24867,1.04913,452.53,3.140388619014573
TR-027644,Tulsa,Baton Rouge,282.5,Reefer,33942.0,2025-06-23,1.17947,3.15208,886.78,3.1390442477876106
TR-028128,Milwaukee,Dayton,202.2,Reefer,34724.0,2025-06-26,1.36473,3.12797,634.69,3.1389218595450052
TR-024320,Philadelphia,New York,105.8,Reefer,43759.0,2025-06-02,1.2191,3.11888,332.03,3.1382797731568997
TR-028728,Montgomery,Birmingham,188.1,Reefer,26709.0,2025-06-30,1.18026,3.141,590.31,3.1382775119617223
TR-037252,Atlanta,Nashville,146.4,Reefer,30930.0,2025-08-24,0.86069,2.20734,459.39,3.1379098360655737
TR-030351,Houston,Baton Rouge,164.3,Flatbed,36510.0,2025-07-10,,0.9858,515.33,3.136518563603165
TR-008077,Baton Rouge,Dallas,181.2,Reefer,39699.0,2025-02-21,1.15034,3.12221,567.85,3.1338300220750557
TR-040324,Nashville,Atlanta,142.9,Reefer,32853.0,2025-09-12,0.93931,3.15552,447.8,3.133659902029391
TR-031665,Shreveport,Baton Rouge,181.8,Flatbed,33277.0,2025-07-18,1.24478,1.05594,569.62,3.133223322332233
TR-026766,Raleigh,Charleston,180.1,Reefer,31229.0,2025-06-18,1.37968,3.13855,563.77,3.130316490838423
TR-010401,Mobile,Montgomery,164.0,Reefer,47500.0,2025-03-08,1.04132,3.15647,513.14,3.1289024390243902
TR-039681,St. Louis,Kansas City,122.1,Flatbed,39457.0,2025-09-08,0.85186,3.14,381.97,3.128337428337429
TR-018173,Nashville,Birmingham,183.5,Reefer,38047.0,2025-04-25,1.31972,1.01259,574.0,3.128065395095368
TR-035904,Savannah,Columbia,129.4,Reefer,43248.0,2025-08-15,1.03372,1.99814,404.73,3.12774343122102
TR-046393,Greensboro,Columbia,126.6,Reefer,41805.0,2025-10-21,0.91515,0.97757,395.97,3.1277251184834127
TR-026507,Chattanooga,Memphis,158.4,Reefer,28334.0,2025-06-16,1.19654,3.10282,495.38,3.12739898989899
TR-037184,Shreveport,New Orleans,70.0,Flatbed,30814.0,2025-08-23,0.94211,2.25553,218.9,3.1271428571428572
TR-008862,Philadelphia,Hartford,70.0,Flatbed,37766.0,2025-02-26,1.10727,3.15767,218.88,3.126857142857143
TR-012207,Los Angeles,Phoenix,75.6,Flatbed,22304.0,2025-03-19,1.17677,3.14796,236.37,3.126587301587302
TR-011328,Austin,Lubbock,78.9,Dry Van,37507.0,2025-03-13,1.1619,3.15085,246.54,3.124714828897338
TR-040079,Hartford,New York,116.3,Reefer,32264.0,2025-09-11,1.0136,3.12369,363.4,3.124677558039553
TR-024881,Tulsa,Shreveport,212.4,Reefer,36766.0,2025-06-06,1.35482,3.13375,662.98,3.1213747645951035
TR-025635,Nashville,Cincinnati,193.9,Reefer,39705.0,2025-06-11,1.38439,3.15159,605.2,3.1211964930376483
TR-041499,Hartford,New York,107.5,Reefer,38042.0,2025-09-20,0.84294,3.12737,335.52,3.121116279069767
TR-023360,Atlanta,Cincinnati,212.9,Reefer,42223.0,2025-05-28,1.37091,1.03191,664.45,3.12094880225458
TR-026185,Toledo,Fort Wayne,102.3,Reefer,31298.0,2025-06-14,1.26003,3.09431,319.27,3.120918866080156
TR-026112,Philadelphia,Hartford,71.8,Flatbed,27013.0,2025-06-14,1.24767,3.14612,224.07,3.12075208913649
TR-027012,Atlanta,Chattanooga,84.1,Dry Van,32315.0,2025-06-19,1.38077,3.1405,262.4,3.1200951248513675
TR-027812,Nashville,Cincinnati,177.3,Reefer,21700.0,2025-06-24,1.22041,3.1261,553.19,3.120078962210942
TR-017407,Greensboro,Columbia,132.8,Reefer,39485.0,2025-04-20,1.18544,1.08216,414.27,3.1195030120481926
TR-030317,Oklahoma City,Lubbock,202.1,Flatbed,40428.0,2025-07-10,,1.03042,630.34,3.1189510143493324
TR-015736,Oklahoma City,San Antonio,210.8,Reefer,35997.0,2025-04-09,1.18709,1.01732,657.43,3.118738140417457
TR-016286,Birmingham,Atlanta,148.5,Reefer,34898.0,2025-04-13,1.07799,1.03456,463.13,3.1187205387205386
TR-030327,Atlanta,Chattanooga,94.5,Flatbed,23201.0,2025-07-10,1.39183,1.00604,294.68,3.1183068783068784
TR-037843,Columbia,Savannah,123.6,Reefer,36185.0,2025-08-27,1.01476,2.08377,385.4,3.118122977346278
TR-040762,Nashville,Atlanta,145.4,Reefer,28938.0,2025-09-15,0.80321,3.12508,453.28,3.1174690508940848
TR-029598,Cincinnati,Chattanooga,166.6,Reefer,40751.0,2025-07-05,1.18403,1.032,519.31,3.1171068427370945
TR-027271,Hartford,Baltimore,148.6,Flatbed,45425.0,2025-06-21,1.25169,3.12801,463.05,3.116083445491252
TR-019280,New York,Hartford,128.2,Reefer,29864.0,2025-05-01,1.37885,0.99448,399.44,3.115756630265211
TR-027526,Atlanta,Cincinnati,223.8,Reefer,35191.0,2025-06-22,1.12932,3.11914,697.28,3.115638963360143
TR-031897,Jacksonville,Montgomery,132.4,Reefer,30452.0,2025-07-20,1.12742,1.01567,412.5,3.1155589123867067
TR-027217,San Antonio,Lubbock,98.6,Dry Van,34682.0,2025-06-20,1.29961,3.10677,307.19,3.1155172413793104
TR-039355,Hartford,Philadelphia,70.6,Reefer,30031.0,2025-09-06,0.91763,3.09864,219.83,3.1137393767705386
TR-041255,Louisville,Nashville,192.5,Reefer,32927.0,2025-09-18,0.99972,3.1317,599.39,3.1137142857142854
TR-028147,Savannah,Columbia,117.2,Flatbed,25594.0,2025-06-26,1.36495,3.09474,364.85,3.1130546075085324
TR-041605,Houston,Tulsa,234.0,Flatbed,40008.0,2025-09-20,0.88285,3.13747,728.24,3.112136752136752
TR-012041,Milwaukee,Indianapolis,101.6,Flatbed,32206.0,2025-03-18,1.08173,3.10745,316.19,3.1121062992125985
TR-042162,Montgomery,Mobile,181.6,Flatbed,33302.0,2025-09-24,0.94582,3.14668,564.94,3.1109030837004408
TR-047815,Nashville,Birmingham,196.7,Reefer,34603.0,2025-10-30,1.06874,1.0393,611.85,3.1105744789018814
TR-018470,Nashville,Atlanta,138.7,Reefer,36071.0,2025-04-27,1.14865,1.04052,431.38,3.110165825522711
TR-027918,Richmond,Harrisburg,171.3,Reefer,33718.0,2025-06-25,1.39,3.10227,532.4,3.1079976649153527
TR-026268,Columbia,Savannah,124.0,Flatbed,31574.0,2025-06-15,1.16462,3.08978,385.31,3.1073387096774194
TR-028107,Fort Wayne,Toledo,111.7,Flatbed,30046.0,2025-06-26,1.397,3.08867,347.06,3.107072515666965
TR-015171,Oklahoma City,San Antonio,211.4,Reefer,36727.0,2025-04-06,1.01802,1.02781,656.45,3.1052507095553454
TR-014240,Birmingham,Jacksonville,215.5,Reefer,39754.0,2025-03-31,1.03043,3.0977,668.74,3.103201856148492
TR-046817,Lexington,Cincinnati,132.4,Reefer,32197.0,2025-10-24,1.00213,1.05032,410.84,3.1030211480362535
TR-047913,Louisville,Cincinnati,72.8,Flatbed,33190.0,2025-10-31,0.96197,1.06068,225.89,3.1028846153846152
TR-027828,Lexington,Cincinnati,132.5,Flatbed,33767.0,2025-06-24,1.28187,3.15253,411.08,3.1024905660377358
TR-045978,Phoenix,Los Angeles,75.1,Reefer,24836.0,2025-10-18,0.92019,1.06291,232.99,3.1023968042609855
TR-041818,New York,Hartford,120.9,Flatbed,38743.0,2025-09-22,0.80867,3.08727,375.07,3.102315963606286
TR-041747,Albuquerque,El Paso,192.6,Reefer,36954.0,2025-09-21,0.8516,3.07645,597.35,3.101505711318796
TR-025641,Philadelphia,New York,100.5,Flatbed,28006.0,2025-06-11,1.38013,3.09193,311.47,3.0992039800995026
TR-042100,Cincinnati,Nashville,180.5,Reefer,34778.0,2025-09-23,0.85236,3.11442,559.36,3.0989473684210527
TR-041648,Baton Rouge,Shreveport,187.6,Reefer,30258.0,2025-09-21,0.81823,3.10308,581.09,3.097494669509595
TR-043187,Oklahoma City,Austin,244.7,Reefer,40290.0,2025-10-01,0.94006,1.01065,757.75,3.096648957907642
TR-012704,New York,Hartford,146.3,Reefer,40854.0,2025-03-22,1.06187,3.09172,453.01,3.096445659603554
TR-045399,Phoenix,Los Angeles,70.0,Reefer,16684.0,2025-10-15,1.01362,1.0235,216.75,3.0964285714285715
TR-036946,Houston,Dallas,112.5,Flatbed,31598.0,2025-08-22,0.97883,1.80612,348.27,3.095733333333333
TR-013625,New York,Hartford,119.7,Flatbed,42272.0,2025-03-28,1.17569,3.08813,370.44,3.094736842105263
TR-016352,New Orleans,Shreveport,70.0,Dry Van,38278.0,2025-04-13,1.08758,1.05389,216.61,3.0944285714285718
TR-045659,Lubbock,San Antonio,124.9,Flatbed,29036.0,2025-10-17,0.9788,1.09292,386.46,3.094155324259407
TR-023179,Houston,Tulsa,238.1,Reefer,39806.0,2025-05-26,1.20368,1.0602,736.41,3.092860142797144
TR-026860,Lexington,Cincinnati,128.2,Flatbed,34930.0,2025-06-18,1.31589,3.1087,396.39,3.091965678627145
TR-047568,Austin,San Antonio,105.9,Flatbed,31460.0,2025-10-29,0.9933,1.07197,327.27,3.0903682719546737
TR-042166,Louisville,Lexington,181.9,Reefer,39067.0,2025-09-24,0.98085,3.07289,562.12,3.090269378779549
TR-026007,Richmond,Harrisburg,151.1,Reefer,31914.0,2025-06-13,1.33319,3.11788,466.78,3.08921244209133
TR-035844,Nashville,Memphis,121.5,Reefer,28001.0,2025-08-14,1.08574,2.22715,375.17,3.0878189300411525
TR-029914,Houston,Dallas,100.1,Dry Van,33873.0,2025-07-07,1.1517,1.08655,308.96,3.0865134865134864
TR-010801,Philadelphia,Hartford,78.7,Reefer,31553.0,2025-03-10,0.96769,3.0637,242.78,3.084879288437103
TR-042685,Milwaukee,St. Louis,154.4,Reefer,30227.0,2025-09-27,0.81756,3.0647,476.13,3.083743523316062
TR-026321,Atlanta,Louisville,235.1,Reefer,39580.0,2025-06-15,1.15845,3.07528,724.69,3.0824755423224164
TR-042537,Lexington,Atlanta,220.4,Reefer,34639.0,2025-09-26,0.91539,3.06021,679.25,3.081896551724138
TR-025027,Albuquerque,El Paso,189.5,Flatbed,35098.0,2025-06-07,1.25794,3.07788,583.8,3.0807387862796833
TR-042585,Mobile,Montgomery,170.8,Flatbed,33879.0,2025-09-27,0.83195,3.06842,526.16,3.0805620608899296
TR-023754,New York,Hartford,120.0,Flatbed,43331.0,2025-05-30,1.3284,1.06981,369.53,3.0794166666666665
TR-024946,Philadelphia,New York,102.4,Flatbed,33635.0,2025-06-06,1.35692,3.05073,315.22,3.0783203125000003
TR-023619,Chattanooga,Nashville,85.3,Dry Van,37165.0,2025-05-29,1.40635,1.04058,262.48,3.0771395076201644
TR-016185,Atlanta,Nashville,141.2,Reefer,35245.0,2025-04-12,1.1276,1.09192,434.44,3.0767705382436263
TR-046948,Shreveport,Houston,232.3,Reefer,47325.0,2025-10-25,0.87574,1.08525,714.42,3.0754197158846317
TR-003369,Atlanta,Chattanooga,81.7,Flatbed,34659.0,2025-01-22,1.01767,3.0358,251.12,3.0736842105263156
TR-039670,Tulsa,Shreveport,195.1,Reefer,32268.0,2025-09-08,0.77185,3.07745,599.52,3.0728856996412097
TR-042090,Tulsa,New Orleans,221.7,Reefer,34803.0,2025-09-23,0.90914,3.09307,681.2,3.0726206585475873
TR-025626,Hartford,Philadelphia,75.1,Flatbed,18408.0,2025-06-11,1.33883,3.05152,230.75,3.0725699067909455
TR-014322,Chattanooga,Nashville,70.6,Flatbed,29332.0,2025-04-01,1.10434,1.07733,216.86,3.0716713881019833
TR-027220,Dayton,Milwaukee,196.6,Reefer,32427.0,2025-06-21,1.2238,3.09877,603.65,3.0704476093591047
TR-027579,Memphis,Nashville,119.5,Dry Van,40444.0,2025-06-23,1.20749,3.0679,366.85,3.0698744769874478
TR-028291,Lexington,Nashville,248.2,Reefer,37080.0,2025-06-27,1.3075,3.04059,761.9,3.0697018533440774
TR-046503,Kansas City,St. Louis,132.8,Flatbed,35356.0,2025-10-22,1.03747,1.11881,407.52,3.0686746987951805
TR-026737,Chattanooga,Birmingham,172.2,Flatbed,24779.0,2025-06-18,1.38474,3.12499,528.37,3.068350754936121
TR-029900,Oklahoma City,San Antonio,219.2,Reefer,24229.0,2025-07-07,1.19274,1.08699,672.44,3.0677007299270076
TR-021001,St. Louis,Indianapolis,77.4,Dry Van,37784.0,2025-05-13,1.30177,1.08557,237.39,3.067054263565891
TR-009143,Chattanooga,Nashville,73.7,Flatbed,27051.0,2025-02-28,1.09463,3.06106,225.99,3.066350067842605
TR-044043,Nashville,Memphis,114.4,Reefer,23803.0,2025-10-06,0.90408,1.12354,350.78,3.066258741258741
TR-028181,Nashville,Shreveport,361.4,Reefer,44853.0,2025-06-26,1.33745,3.03116,1107.98,3.0657996679579416
TR-026797,San Antonio,Austin,124.1,Dry Van,36110.0,2025-06-18,1.35279,3.11636,380.44,3.0655922643029814
TR-030334,Lexington,Cincinnati,130.5,Reefer,20864.0,2025-07-10,1.35158,1.0675,400.03,3.0653639846743292
TR-033137,Baton Rouge,Houston,165.5,Reefer,23083.0,2025-07-28,0.97498,1.05382,507.31,3.0653172205438066
TR-007139,Lubbock,San Antonio,130.0,Reefer,32252.0,2025-02-15,0.9537,3.09604,398.45,3.065
TR-039321,Las Vegas,Bakersfield,106.9,Reefer,22799.0,2025-09-06,0.88992,3.04146,327.62,3.064733395696913
TR-038470,Shreveport,New Orleans,70.0,Dry Van,32300.0,2025-08-31,0.87734,1.92111,214.48,3.064
TR-028350,Houston,San Antonio,287.7,Reefer,27024.0,2025-06-28,1.23764,3.05691,881.42,3.0636774417796317
TR-014257,Lexington,Louisville,180.7,Flatbed,33255.0,2025-03-31,1.03812,3.0914,553.58,3.0635307138904264
TR-028405,Cincinnati,Milwaukee,249.1,Reefer,34979.0,2025-06-28,1.26041,3.03914,763.09,3.0633881975110397
TR-026591,Shreveport,Mobile,297.6,Flatbed,35666.0,2025-06-17,1.27299,3.06823,911.33,3.0622647849462363
TR-032494,Montgomery,Jacksonville,149.0,Flatbed,31683.0,2025-07-24,1.30852,1.13799,456.27,3.062214765100671
TR-028359,Dallas,Oklahoma City,310.2,Flatbed,35352.0,2025-06-28,1.23782,3.0783,949.85,3.0620567375886525
TR-012884,Houston,Corpus Christi,201.6,Flatbed,36310.0,2025-03-23,1.02602,3.0483,617.02,3.0606150793650793
TR-010522,Cincinnati,Lexington,126.0,Reefer,42239.0,2025-03-08,1.00741,3.01622,385.63,3.0605555555555557
TR-010376,Atlanta,Memphis,224.6,Reefer,-37994.0,2025-03-07,1.12716,3.08946,687.4,3.060552092609083
TR-004438,Mobile,Montgomery,140.5,Reefer,35247.0,2025-01-28,0.92769,3.05078,429.85,3.0594306049822064
TR-031011,Albuquerque,El Paso,196.5,Reefer,30766.0,2025-07-14,1.09188,1.06371,600.87,3.0578625954198473
TR-034791,Chattanooga,Memphis,184.0,Reefer,33797.0,2025-08-07,1.15215,2.11786,562.57,3.0574456521739135
TR-028167,Indianapolis,Cincinnati,202.0,Flatbed,38924.0,2025-06-26,1.40092,3.06555,617.5,3.0569306930693068
TR-027087,Lexington,Atlanta,218.1,Flatbed,46136.0,2025-06-20,1.34209,3.01864,666.37,3.055341586428244
TR-045053,Oklahoma City,Austin,229.4,Reefer,47500.0,2025-10-13,0.87299,1.09478,700.87,3.055231037489102
TR-028229,Oklahoma City,Houston,287.1,Flatbed,33541.0,2025-06-27,1.31617,3.07101,877.14,3.055172413793103
TR-035472,Shreveport,Houston,233.6,Reefer,39885.0,2025-08-12,0.91805,2.33504,713.31,3.0535530821917805
TR-029352,San Antonio,Lubbock,112.8,Dry Van,34827.0,2025-07-04,1.32749,1.14284,344.43,3.053457446808511
TR-028935,Baton Rouge,Tulsa,301.0,Reefer,35635.0,2025-07-01,1.28411,1.12208,919.01,3.0531893687707643
TR-023934,Columbia,Greensboro,146.9,Reefer,34188.0,2025-05-31,1.29909,1.1361,448.41,3.0524846834581347
TR-025566,Dayton,Toledo,202.7,Reefer,35443.0,2025-06-10,1.31751,3.04622,618.65,3.0520473606314753
TR-031133,Milwaukee,St. Louis,143.8,Reefer,31240.0,2025-07-15,1.20622,1.08533,438.84,3.0517385257301806
TR-011950,Shreveport,New Orleans,70.0,Dry Van,40053.0,2025-03-17,1.02022,3.06922,213.59,3.051285714285714
TR-021902,Louisville,Nashville,194.4,Reefer,41510.0,2025-05-18,1.19818,1.10577,593.11,3.050977366255144
TR-037607,Baton Rouge,Shreveport,189.9,Flatbed,47500.0,2025-08-26,0.9574,2.22657,579.29,3.0505002632964717
TR-014201,Louisville,Atlanta,239.3,Reefer,43934.0,2025-03-31,1.03851,3.07278,729.97,3.0504387797743417
TR-019558,Little Rock,Memphis,225.9,Reefer,34925.0,2025-05-03,1.26913,1.06063,688.98,3.049933598937583
TR-040455,Atlanta,Columbia,202.0,Reefer,39567.0,2025-09-13,0.90733,3.04632,615.98,3.0494059405940597
TR-032459,Charleston,Raleigh,198.3,Reefer,47500.0,2025-07-24,1.30141,1.06288,604.62,3.049016641452345
TR-007575,Atlanta,Chattanooga,87.6,Reefer,27331.0,2025-02-17,0.94984,3.06439,267.03,3.0482876712328766
TR-012880,Dayton,Fort Wayne,121.8,Reefer,34717.0,2025-03-23,0.98924,3.00199,371.2,3.0476190476190474
TR-024500,Cincinnati,Indianapolis,190.3,Reefer,47500.0,2025-06-03,1.27251,3.03838,579.93,3.0474513925380973
TR-028876,Green Bay,Grand Rapids,116.9,Reefer,37044.0,2025-07-01,1.18814,1.08867,356.22,3.0472198460222413
TR-027152,Nashville,Indianapolis,266.4,Reefer,44295.0,2025-06-20,1.33706,3.05429,811.76,3.047147147147147
TR-040357,Nashville,Memphis,123.8,Reefer,16631.0,2025-09-12,0.94163,3.06853,377.23,3.0470920840064624
TR-046944,Grand Rapids,Green Bay,116.1,Reefer,31632.0,2025-10-25,0.87281,1.11353,353.74,3.046856158484066
TR-025863,Baltimore,Hartford,139.8,Reefer,31535.0,2025-06-12,1.40664,3.06112,425.81,3.0458512160228897
TR-026150,Boston,Providence,170.7,Reefer,33490.0,2025-06-14,1.28116,3.05247,519.78,3.0449912126537786
TR-024838,Memphis,St. Louis,246.0,Reefer,27794.0,2025-06-05,1.38557,3.0162,749.05,3.044918699186992
TR-007493,Shreveport,Tulsa,187.2,Reefer,40968.0,2025-02-17,0.90047,3.02541,569.91,3.044391025641026
TR-022966,Birmingham,Jacksonville,211.3,Reefer,38270.0,2025-05-25,1.23373,1.0655,643.25,3.044249881684808
TR-027682,Baton Rouge,Corpus Christi,292.1,Flatbed,41246.0,2025-06-23,1.27676,3.04653,889.2,3.044162957891133
TR-023810,San Antonio,Oklahoma City,209.9,Flatbed,32274.0,2025-05-30,1.327,1.0905,638.91,3.0438780371605523
TR-038175,Montgomery,Mobile,171.5,Reefer,33469.0,2025-08-29,0.98815,2.18104,521.98,3.0436151603498542
TR-012153,Columbia,Greensboro,122.2,Reefer,26114.0,2025-03-18,1.10219,3.02176,371.91,3.0434533551554828
TR-024858,Columbia,Greensboro,135.4,Reefer,15435.0,2025-06-06,1.348,3.06141,412.0,3.042836041358936
TR-024491,Lexington,Cincinnati,127.4,Flatbed,42941.0,2025-06-03,1.3098,2.99825,387.57,3.0421507064364204
TR-015703,Indianapolis,Kansas City,184.5,Reefer,47173.0,2025-04-09,1.22716,1.10444,561.21,3.041788617886179
TR-041661,Nashville,Cincinnati,182.5,Reefer,33356.0,2025-09-21,0.7793,3.0419,554.99,3.041041095890411
TR-005221,Memphis,Nashville,127.6,Reefer,29413.0,2025-02-02,0.87342,3.03904,388.01,3.0408307210031347
TR-037980,Atlanta,Birmingham,150.0,Flatbed,46648.0,2025-08-28,1.09563,2.03437,456.07,3.0404666666666667
TR-012920,Hartford,Philadelphia,76.7,Flatbed,23990.0,2025-03-23,0.98547,3.04554,233.15,3.0397653194263365
TR-015699,Hartford,Philadelphia,70.0,Reefer,20032.0,2025-04-09,1.21439,1.08174,212.77,3.0395714285714286
TR-035830,Hartford,Philadelphia,70.0,Reefer,24813.0,2025-08-14,1.08839,2.0569,212.76,3.039428571428571
TR-039320,Little Rock,Tulsa,212.4,Reefer,31292.0,2025-09-06,0.86808,3.0389,645.29,3.038088512241054
TR-006881,Los Angeles,Phoenix,72.4,Reefer,14751.0,2025-02-13,1.12836,3.05393,219.9,3.0372928176795577
TR-029384,Shreveport,Mobile,290.5,Reefer,41590.0,2025-07-04,1.29748,1.1225,882.14,3.0366265060240965
TR-034667,Little Rock,Shreveport,156.6,Reefer,22763.0,2025-08-06,1.11035,2.24478,475.52,3.0365261813537674
TR-025063,Nashville,Atlanta,145.4,Flatbed,28305.0,2025-06-07,1.28904,2.99438,441.45,3.0361072902338373
TR-029128,Little Rock,Shreveport,175.2,Flatbed,31311.0,2025-07-03,1.31777,1.07195,531.88,3.0358447488584477
TR-028198,Lubbock,Amarillo,437.2,Reefer,47500.0,2025-06-27,1.32441,3.02843,1326.97,3.035155535224154
TR-039938,Cincinnati,Atlanta,199.7,Flatbed,34039.0,2025-09-10,0.98741,3.04293,606.05,3.0348022033049573
TR-028609,Kansas City,Milwaukee,187.9,Reefer,18313.0,2025-06-29,1.14869,2.97938,570.2,3.0345928685470995
TR-035434,Chattanooga,Nashville,73.2,Dry Van,40734.0,2025-08-12,1.02376,1.93755,222.13,3.0345628415300543
TR-015092,San Antonio,Corpus Christi,195.3,Reefer,33618.0,2025-04-05,1.07539,1.10767,592.56,3.034101382488479
TR-006322,Indianapolis,Milwaukee,106.1,Reefer,43925.0,2025-02-09,0.86185,3.03031,321.82,3.0331762488218663
TR-042439,Grand Rapids,Green Bay,109.3,Reefer,25443.0,2025-09-26,0.8773,3.05967,331.48,3.0327538883806042
TR-037483,Dayton,Fort Wayne,136.0,Reefer,31679.0,2025-08-25,0.87055,1.74598,412.37,3.0321323529411766
TR-026743,Shreveport,Mobile,300.6,Reefer,,2025-06-18,1.40727,3.0639,911.28,3.0315369261477043
TR-040908,Corpus Christi,San Antonio,205.7,Reefer,28554.0,2025-09-16,0.90861,3.01947,623.54,3.0313077297034514
TR-002344,Nashville,Memphis,110.1,Flatbed,40573.0,2025-01-15,0.96173,3.01763,333.71,3.0309718437783832
TR-035008,Dallas,Houston,118.2,Dry Van,34331.0,2025-08-09,0.96957,2.09876,358.18,3.0302876480541454
TR-019020,Shreveport,Houston,238.2,Reefer,28774.0,2025-04-30,1.31137,1.072,721.68,3.0297229219143578
TR-002430,Cincinnati,Lexington,127.2,Reefer,44607.0,2025-01-16,1.01846,3.04317,385.37,3.029638364779874
TR-046380,Houston,Dallas,115.6,Dry Van,32825.0,2025-10-21,0.97618,1.13021,350.21,3.0294982698961936
TR-034746,Austin,San Antonio,115.4,Dry Van,34270.0,2025-08-07,1.11325,1.98091,349.58,3.029289428076256
TR-024669,Corpus Christi,Baton Rouge,282.6,Reefer,43332.0,2025-06-04,1.36,3.01138,855.68,3.027883934890304
TR-025769,Toledo,Fort Wayne,103.7,Flatbed,39521.0,2025-06-12,1.41131,3.03242,313.88,3.026808100289296
TR-027179,Dallas,Oklahoma City,298.8,Flatbed,38384.0,2025-06-20,1.31878,3.00155,904.4,3.0267737617135206
TR-028311,Mobile,Baton Rouge,350.2,Reefer,34483.0,2025-06-27,1.35623,3.03519,1059.89,3.0265276984580245
TR-044703,Houston,Corpus Christi,201.7,Reefer,23494.0,2025-10-10,0.99101,1.16947,610.44,3.026474962816064
TR-006443,Shreveport,Baton Rouge,190.8,Reefer,40455.0,2025-02-10,0.89067,3.05184,577.44,3.026415094339623
TR-039839,Baton Rouge,Houston,163.5,Flatbed,26901.0,2025-09-09,0.91877,3.05247,494.72,3.025810397553517
TR-024577,Corpus Christi,Baton Rouge,300.4,Reefer,40737.0,2025-06-04,1.43638,3.01714,908.78,3.0252330226364847
TR-042533,Boston,Providence,166.8,Reefer,39799.0,2025-09-26,0.93047,3.02577,504.51,3.0246402877697838
TR-021908,Houston,Tulsa,248.5,Reefer,41971.0,2025-05-18,1.20299,1.11174,751.62,3.0246277665995978
TR-026796,Los Angeles,Phoenix,73.5,Dry Van,28078.0,2025-06-18,1.40638,3.03577,222.3,3.0244897959183676
TR-045309,Chattanooga,Atlanta,70.0,Dry Van,41811.0,2025-10-14,0.92321,1.09501,211.65,3.0235714285714286
TR-030694,Hartford,Boston,190.4,Reefer,45447.0,2025-07-12,1.2268,1.09396,575.56,3.022899159663865
TR-042360,Nashville,Louisville,190.9,Flatbed,29991.0,2025-09-25,1.04362,3.04946,577.07,3.0228915662650606
TR-025339,Memphis,Louisville,216.7,Reefer,40281.0,2025-06-09,1.21537,3.0474,655.03,3.0227503461006
TR-038823,New York,Hartford,116.9,Reefer,30915.0,2025-09-03,,3.00866,353.31,3.022326775021386
TR-026042,Baton Rouge,Little Rock,318.8,Reefer,33849.0,2025-06-13,1.33155,3.01143,963.47,3.022176913425345
TR-012815,Shreveport,Houston,246.4,Reefer,18742.0,2025-03-23,1.06025,3.05461,744.64,3.022077922077922
TR-026064,Lexington,Greensboro,182.9,Flatbed,31746.0,2025-06-14,1.23707,3.06316,552.55,3.0210497539639145
TR-035329,Montgomery,Jacksonville,142.2,Reefer,28997.0,2025-08-11,0.91006,2.07542,429.58,3.020956399437412
TR-023334,Nashville,Chattanooga,84.8,Dry Van,28081.0,2025-05-27,1.33008,1.10627,256.13,3.0204009433962264
TR-023419,El Paso,Salt Lake City,254.0,Reefer,34241.0,2025-05-28,1.37699,1.12715,767.11,3.0201181102362207
TR-039900,Birmingham,Mobile,194.5,Reefer,,2025-09-09,0.847,3.00931,587.37,3.019897172236504
TR-029163,Greensboro,Savannah,207.1,Reefer,37411.0,2025-07-03,1.36281,1.09765,625.37,3.019652341863834
TR-024954,Dayton,Fort Wayne,132.0,Reefer,19768.0,2025-06-06,1.3833,3.03914,398.48,3.018787878787879
TR-026892,Memphis,Nashville,129.5,Dry Van,34385.0,2025-06-19,1.35303,3.02144,390.84,3.0180694980694978
TR-026801,Cincinnati,Indianapolis,188.1,Reefer,22339.0,2025-06-18,1.38009,3.00432,567.69,3.018022328548645
TR-023129,Raleigh,Charleston,203.8,Reefer,38182.0,2025-05-26,1.2124,1.12199,615.05,3.017909715407262
TR-041655,San Antonio,Austin,121.1,Dry Van,46071.0,2025-09-21,0.80222,3.0066,365.4,3.0173410404624277
TR-038996,Chattanooga,Memphis,165.3,Flatbed,37584.0,2025-09-04,1.03434,3.0266,498.55,3.0160314579552328
TR-034970,Nashville,Atlanta,148.2,Reefer,28318.0,2025-08-08,1.00971,1.85032,446.97,3.0159919028340085
TR-024931,Milwaukee,St. Louis,168.8,Flatbed,39705.0,2025-06-06,1.37014,3.0528,509.09,3.0159360189573454
TR-043367,Cincinnati,Lexington,128.1,Reefer,33354.0,2025-10-02,0.95115,1.15076,386.18,3.014676034348166
TR-028122,Nashville,Jacksonville,373.1,Reefer,41581.0,2025-06-26,1.40037,2.99469,1124.77,3.01466094880729
TR-025777,Cincinnati,Greensboro,291.0,Reefer,35776.0,2025-06-12,1.42111,3.03104,877.07,3.0139862542955327
TR-014035,New York,Baltimore,182.6,Reefer,37323.0,2025-03-30,1.01711,3.0012,550.34,3.013910186199343
TR-023477,Memphis,Louisville,227.2,Reefer,35603.0,2025-05-28,1.41406,1.15858,684.59,3.013160211267606
TR-039943,Louisville,Cincinnati,81.6,Dry Van,41662.0,2025-09-10,1.02878,2.9949,245.86,3.0129901960784315
TR-039199,Cincinnati,Nashville,184.5,Reefer,35367.0,2025-09-05,0.96969,3.01729,555.88,3.01289972899729
TR-018235,Nashville,Atlanta,145.5,Reefer,26881.0,2025-04-25,1.30376,1.20262,438.35,3.0127147766323024
TR-045933,Nashville,Cincinnati,180.2,Reefer,28739.0,2025-10-18,0.93324,1.15,542.83,3.0123751387347397
TR-024368,Memphis,Atlanta,236.0,Reefer,38857.0,2025-06-03,1.21281,3.01965,710.79,3.011822033898305
TR-030609,Nashville,Cincinnati,182.5,Reefer,30331.0,2025-07-12,1.1657,1.16906,549.54,3.0111780821917806
TR-046594,Columbia,Greensboro,131.1,Flatbed,33920.0,2025-10-22,1.00802,1.15768,394.73,3.0109077040427157
TR-027786,Memphis,Shreveport,324.4,Reefer,32333.0,2025-06-24,1.26223,3.0017,976.67,3.010696670776819
TR-008590,Austin,Lubbock,70.0,Dry Van,28556.0,2025-02-24,0.95201,3.05563,210.73,3.0104285714285712
TR-027046,Las Vegas,Bakersfield,95.7,Dry Van,42123.0,2025-06-19,1.38439,2.9873,288.07,3.0101358411703236
TR-029132,San Antonio,Corpus Christi,206.0,Reefer,28161.0,2025-07-03,1.31931,1.15106,620.08,3.010097087378641
TR-008049,Austin,Oklahoma City,226.3,Reefer,39790.0,2025-02-21,1.06653,3.02714,680.91,3.008882015024304
TR-018939,Birmingham,Atlanta,142.2,Reefer,11364.0,2025-04-29,1.2323,1.13777,427.78,3.0082981715893107
TR-047595,Oklahoma City,Tulsa,308.4,Reefer,36353.0,2025-10-29,0.97767,1.18126,927.59,3.007749675745785
TR-045780,Louisville,Cincinnati,70.0,Dry Van,42558.0,2025-10-17,0.99126,1.1121,210.54,3.0077142857142856
TR-017422,Houston,Dallas,110.4,Dry Van,35713.0,2025-04-20,1.20546,1.1603,331.99,3.0071557971014493
TR-019787,Savannah,Columbia,123.3,Flatbed,37264.0,2025-05-05,1.18455,1.14872,370.73,3.006731549067316
TR-011572,Baton Rouge,New Orleans,190.3,Reefer,35420.0,2025-03-15,1.03921,3.02187,572.17,3.0066736731476613
TR-028903,Charleston,Savannah,192.8,Reefer,40352.0,2025-07-01,1.25634,1.15378,579.66,3.006535269709543
TR-030423,Washington,Richmond,85.3,Dry Van,47500.0,2025-07-11,1.35328,1.17221,256.45,3.0064478311840563
TR-027840,Grand Rapids,Fort Wayne,196.6,Flatbed,34629.0,2025-06-24,1.24837,2.99585,591.02,3.006205493387589
TR-035259,Oklahoma City,San Antonio,211.9,Reefer,29550.0,2025-08-10,0.92571,1.98615,636.89,3.0056158565361017
TR-026045,Raleigh,Charleston,222.6,Reefer,39289.0,2025-06-13,1.31904,2.98662,668.87,3.004806828391734
TR-007766,Chattanooga,Atlanta,108.8,Reefer,20873.0,2025-02-19,1.03453,3.03431,326.87,3.0043198529411765
TR-018092,Houston,Corpus Christi,222.3,Flatbed,29153.0,2025-04-24,1.39116,1.14717,667.46,3.002519118308592
TR-031674,Boston,Hartford,193.6,Reefer,47500.0,2025-07-18,1.32077,1.14015,581.24,3.0022727272727274
TR-027529,Chattanooga,Mobile,328.3,Reefer,38687.0,2025-06-22,1.21394,2.99533,985.64,3.002254035942735
TR-005092,New Orleans,Shreveport,70.0,Dry Van,44407.0,2025-02-02,0.90345,2.95606,210.14,3.002
TR-030077,Corpus Christi,Oklahoma City,327.9,Reefer,33889.0,2025-07-08,1.21355,1.11594,984.19,3.0014943580359867
TR-039123,Indianapolis,Milwaukee,113.8,Reefer,11113.0,2025-09-05,0.96786,3.00963,341.56,3.0014059753954307
TR-025176,Lexington,Atlanta,206.3,Reefer,36825.0,2025-06-08,1.23773,3.03101,618.9,2.9999999999999996
TR-036548,Chattanooga,Atlanta,90.0,Flatbed,19947.0,2025-08-19,0.99402,1.99725,269.95,2.9994444444444444
TR-036075,Nashville,Chattanooga,83.5,Dry Van,32216.0,2025-08-16,0.95881,2.326,250.44,2.9992814371257484
TR-041220,Tulsa,Dallas,159.4,Reefer,13975.0,2025-09-18,0.956,2.99926,478.02,2.9988707653701376
TR-004497,Memphis,Nashville,105.4,Flatbed,28379.0,2025-01-29,1.01181,2.99005,316.07,2.9987666034155596
TR-046060,Shreveport,New Orleans,70.0,Dry Van,24604.0,2025-10-19,0.86876,1.18415,209.86,2.998
TR-006676,Los Angeles,Phoenix,87.5,Flatbed,42179.0,2025-02-11,0.96837,2.99839,262.32,2.9979428571428572
TR-019427,Cincinnati,Chattanooga,171.9,Flatbed,32493.0,2025-05-02,1.32873,1.16994,515.23,2.9972658522396745
TR-018847,Cincinnati,Nashville,196.4,Reefer,42162.0,2025-04-29,1.28032,1.1182,588.66,2.997250509164969
TR-023018,Columbia,Greensboro,135.6,Reefer,28114.0,2025-05-25,1.22324,1.17792,406.42,2.9971976401179945
TR-013640,Chattanooga,Mobile,310.1,Reefer,40025.0,2025-03-28,1.12274,3.01372,929.12,2.9961947758787484
TR-036319,Nashville,Cincinnati,190.8,Reefer,38245.0,2025-08-17,0.91915,1.94136,571.65,2.996069182389937
TR-028246,Dayton,Louisville,233.0,Reefer,29233.0,2025-06-27,1.30647,2.97341,698.07,2.9960085836909873
TR-024487,Indianapolis,Lexington,273.8,Reefer,42363.0,2025-06-03,1.30197,3.03741,820.18,2.9955441928414897
TR-036888,Fort Wayne,Toledo,105.6,Flatbed,45191.0,2025-08-21,1.07139,1.82862,316.32,2.9954545454545456
TR-002843,Los Angeles,Phoenix,84.5,Reefer,26510.0,2025-01-18,0.84663,3.03401,253.06,2.994792899408284
TR-031145,Philadelphia,Baltimore,104.5,Reefer,17474.0,2025-07-15,1.19549,1.13285,312.92,2.9944497607655505
TR-034269,Memphis,Atlanta,213.9,Reefer,40333.0,2025-08-04,0.90217,2.192,640.47,2.994249649368864
TR-036572,Shreveport,Baton Rouge,204.3,Reefer,27017.0,2025-08-19,0.95581,1.89167,611.69,2.9940773372491436
TR-041932,Charleston,Savannah,193.8,Reefer,39856.0,2025-09-22,0.81337,2.99161,580.22,2.99391124871001
TR-005268,San Antonio,Austin,115.4,Flatbed,31047.0,2025-02-03,0.90657,2.9801,345.41,2.99315424610052
TR-034942,Dayton,Fort Wayne,128.8,Reefer,33044.0,2025-08-08,1.09204,2.3081,385.5,2.9930124223602483
TR-028451,Harrisburg,Buffalo,174.5,Reefer,31520.0,2025-06-28,1.2669,2.9742,522.26,2.992893982808023
TR-035868,New Orleans,Baton Rouge,177.4,Flatbed,43658.0,2025-08-15,1.08913,2.34777,530.93,2.9928410372040584
TR-043688,Atlanta,Nashville,153.4,Flatbed,33072.0,2025-10-04,0.93591,1.11466,459.09,2.9927640156453714
TR-032773,Raleigh,Charleston,181.3,Reefer,30724.0,2025-07-26,1.03232,1.17667,542.58,2.992719249862107
TR-012707,Tulsa,Shreveport,207.7,Reefer,31153.0,2025-03-22,1.05616,2.941,621.48,2.99220028887819
TR-008871,San Antonio,Lubbock,138.6,Flatbed,26396.0,2025-02-26,1.15327,3.00514,414.65,2.9917027417027415
TR-026121,Louisville,Nashville,184.7,Reefer,23733.0,2025-06-14,1.27183,3.01845,552.52,2.9914455874390904
TR-038417,Hartford,Baltimore,121.0,Reefer,41606.0,2025-08-31,0.8341,2.06445,361.91,2.9909917355371904
TR-039051,Chattanooga,Atlanta,75.2,Dry Van,39359.0,2025-09-04,1.03923,2.98758,224.92,2.9909574468085105
TR-022477,Jacksonville,Mobile,292.7,Reefer,41734.0,2025-05-22,1.39647,1.14622,875.45,2.9909463614622482
TR-026869,Memphis,Nashville,112.3,Dry Van,32330.0,2025-06-18,1.37263,3.00103,335.73,2.9895814781834376
TR-031498,Richmond,Harrisburg,173.6,Reefer,38627.0,2025-07-17,1.34541,1.15721,518.99,2.989573732718894
TR-037853,Lexington,Cincinnati,137.5,Reefer,30230.0,2025-08-27,1.04578,1.98174,411.05,2.9894545454545454
TR-026998,Indianapolis,Milwaukee,110.0,Dry Van,38795.0,2025-06-19,1.39052,3.01589,328.82,2.989272727272727
TR-032454,New York,Philadelphia,103.9,Reefer,29625.0,2025-07-24,1.2861,1.16798,310.54,2.9888354186718
TR-042577,Shreveport,Mobile,291.6,Flatbed,33458.0,2025-09-27,0.84734,2.96256,871.46,2.988545953360768
TR-043016,Houston,New Orleans,231.0,Flatbed,29789.0,2025-09-30,0.8611,3.02467,690.34,2.9884848484848487
TR-007832,Cincinnati,Lexington,139.6,Reefer,41349.0,2025-02-19,1.07965,3.03184,417.09,2.987750716332378
TR-024625,Louisville,Nashville,192.1,Flatbed,37102.0,2025-06-04,1.34491,3.00939,573.92,2.9876106194690264
TR-019674,New Orleans,Dallas,198.2,Reefer,31852.0,2025-05-04,1.19518,1.12596,592.09,2.987336024217962
TR-009280,Indianapolis,St. Louis,92.1,Reefer,26793.0,2025-03-01,1.01944,2.96237,275.09,2.9868621064060803
TR-036710,Cincinnati,Louisville,73.3,Flatbed,24162.0,2025-08-20,1.01155,1.96156,218.86,2.9858117326057303
TR-021911,Montgomery,Jacksonville,149.2,Flatbed,36271.0,2025-05-19,1.22351,1.18723,445.47,2.985723860589813
TR-027216,Houston,New Orleans,256.3,Reefer,24117.0,2025-06-20,1.28111,2.98918,765.23,2.9856808427623878
TR-042631,Jacksonville,Mobile,273.2,Reefer,30506.0,2025-09-27,0.81948,2.97415,815.6,2.9853587115666183
TR-041363,Boston,Providence,182.7,Flatbed,40055.0,2025-09-19,0.90741,3.00145,545.4,2.9852216748768474
TR-027145,Los Angeles,Phoenix,70.0,Dry Van,32426.0,2025-06-20,1.3123,2.97499,208.91,2.9844285714285714
TR-026221,Cincinnati,Indianapolis,188.7,Flatbed,43703.0,2025-06-15,1.21883,3.00117,563.11,2.9841547429782724
TR-025929,Phoenix,Tucson,275.8,Reefer,36705.0,2025-06-13,1.31726,2.96723,822.89,2.983647570703408
TR-040026,San Francisco,Fresno,215.8,Reefer,47500.0,2025-09-10,0.93514,2.99129,643.83,2.983456904541242
TR-044274,Los Angeles,Phoenix,74.7,Dry Van,26826.0,2025-10-08,1.03948,1.16799,222.72,2.9815261044176706
TR-009420,Hartford,New York,124.5,Reefer,40307.0,2025-03-02,0.95809,2.97712,371.15,2.9811244979919675
TR-042806,Atlanta,Memphis,221.3,Reefer,30298.0,2025-09-28,0.78799,2.99559,659.63,2.980704925440578
TR-038634,Atlanta,Cincinnati,200.4,Reefer,34260.0,2025-09-01,0.83856,3.01185,597.28,2.9804391217564867
TR-022831,Baton Rouge,Tulsa,289.3,Reefer,43554.0,2025-05-24,1.27843,1.15251,862.06,2.979813342550985
TR-027387,Mobile,Jacksonville,272.6,Reefer,34444.0,2025-06-21,1.2456,3.0061,812.18,2.979383712399119
TR-033547,New York,Hartford,131.4,Flatbed,39024.0,2025-07-30,1.16447,1.16218,391.46,2.979147640791476
TR-023413,Bakersfield,Las Vegas,109.5,Flatbed,29965.0,2025-05-28,1.37956,1.15345,326.14,2.9784474885844747
TR-039119,Memphis,New Orleans,324.2,Reefer,36364.0,2025-09-05,0.98766,2.97716,965.6,2.9784083898827887
TR-017718,Milwaukee,Madison,193.3,Reefer,44029.0,2025-04-22,1.27694,1.20958,575.66,2.9780651836523537
TR-006183,Philadelphia,Hartford,70.0,Flatbed,42969.0,2025-02-08,0.97978,3.00069,208.43,2.9775714285714288
TR-023040,Los Angeles,Phoenix,76.7,Dry Van,41802.0,2025-05-26,1.19798,1.13176,228.37,2.977444589308996
TR-028788,Shreveport,Tulsa,194.4,Dry Van,35909.0,2025-06-30,1.23619,2.92849,578.79,2.9773148148148145
TR-022118,Baton Rouge,Tulsa,297.8,Reefer,33813.0,2025-05-20,1.27763,1.1715,886.57,2.9770651443922094
TR-010055,Baton Rouge,Shreveport,174.6,Flatbed,31520.0,2025-03-05,1.13744,2.98043,519.71,2.976575028636885
TR-004703,Philadelphia,Hartford,76.1,Reefer,24168.0,2025-01-30,1.05565,3.02679,226.49,2.9762155059132724
TR-024064,Shreveport,Mobile,302.5,Reefer,38104.0,2025-06-01,1.14945,2.95248,900.24,2.976
TR-034441,Columbia,Savannah,123.1,Reefer,28989.0,2025-08-05,0.99345,2.05658,366.28,2.9754670999187653
TR-031672,Kansas City,Madison,216.2,Reefer,41364.0,2025-07-18,1.24177,1.18881,643.27,2.9753469010175766
TR-016757,Chattanooga,Atlanta,91.5,Flatbed,17118.0,2025-04-16,1.31829,1.17222,272.2,2.974863387978142
TR-019285,Cincinnati,Lexington,141.3,Reefer,19088.0,2025-05-02,1.35913,1.1759,420.26,2.974239207360226
TR-029830,Phoenix,Los Angeles,81.3,Dry Van,37297.0,2025-07-07,1.15483,1.14503,241.77,2.9738007380073803
TR-017931,Corpus Christi,Lubbock,313.9,Reefer,39709.0,2025-04-23,1.33479,1.2394,933.2,2.972921312519911
TR-043252,Toledo,Fort Wayne,104.7,Reefer,47500.0,2025-10-01,0.95103,1.15563,311.26,2.97287488061127
TR-027063,Mobile,Memphis,321.6,Flatbed,37786.0,2025-06-20,1.31741,2.97742,956.03,2.9727300995024875
TR-010133,Cincinnati,Nashville,184.1,Reefer,41862.0,2025-03-06,1.1556,2.98226,547.19,2.972243346007605
TR-036582,Philadelphia,New York,102.8,Reefer,29449.0,2025-08-19,0.97548,1.78813,305.5,2.9717898832684826
TR-039040,Atlanta,Lexington,195.2,Reefer,32781.0,2025-09-04,1.00011,2.96533,579.89,2.970747950819672
TR-019060,Kansas City,Indianapolis,183.2,Reefer,33696.0,2025-04-30,1.34383,1.17913,544.18,2.970414847161572
TR-038770,Greensboro,Lexington,172.1,Reefer,38062.0,2025-09-02,0.92176,2.98104,511.2,2.9703660662405578
TR-013205,Houston,Oklahoma City,286.2,Flatbed,47500.0,2025-03-25,1.07082,2.95279,850.1,2.9703004891684137
TR-004907,Hartford,Baltimore,128.4,Reefer,35287.0,2025-01-31,1.00737,2.91227,381.33,2.969859813084112
TR-018210,Nashville,Atlanta,141.7,Flatbed,28327.0,2025-04-25,1.33943,1.22031,420.82,2.969795342272407
TR-011762,Dallas,Shreveport,169.9,Reefer,22806.0,2025-03-16,1.01888,2.98292,504.55,2.9696880517951736
TR-020451,Nashville,Cincinnati,185.7,Reefer,30279.0,2025-05-09,1.33596,1.19072,551.46,2.9696284329563816
TR-027343,Shreveport,Oklahoma City,455.1,Reefer,41884.0,2025-06-21,1.28154,2.96841,1351.44,2.9695451549110086
TR-024886,Chattanooga,Memphis,178.1,Reefer,21122.0,2025-06-06,1.30609,2.95659,528.81,2.9691746209994383
TR-020457,Atlanta,Nashville,129.4,Dry Van,41791.0,2025-05-09,1.32586,1.16415,384.21,2.969165378670788
TR-040586,Cincinnati,Memphis,236.4,Reefer,41746.0,2025-09-14,0.83275,2.97638,701.85,2.9689086294416245
TR-027980,Tucson,Bakersfield,316.3,Reefer,32936.0,2025-06-25,1.32739,2.9553,939.04,2.968827062914954
TR-017065,Los Angeles,Phoenix,73.6,Dry Van,39710.0,2025-04-18,1.28845,1.13147,218.48,2.9684782608695652
TR-019656,Fresno,San Francisco,224.2,Reefer,32920.0,2025-05-04,1.20069,1.19875,665.53,2.9684656556645854
TR-020725,Tampa,Mobile,305.2,Reefer,38562.0,2025-05-11,1.20924,1.18134,905.94,2.968348623853211
TR-020513,Baton Rouge,Little Rock,314.1,Reefer,34478.0,2025-05-09,1.34731,1.18606,932.33,2.968258516396052
TR-021827,Baton Rouge,Shreveport,175.3,Flatbed,27447.0,2025-05-18,1.18811,1.21745,520.27,2.967883628066172
TR-035664,Baton Rouge,New Orleans,195.5,Flatbed,39135.0,2025-08-13,1.02902,2.11899,580.17,2.9676214833759587
TR-021663,Cincinnati,Nashville,186.0,Reefer,33037.0,2025-05-17,1.26213,1.23193,551.97,2.9675806451612905
TR-045362,Memphis,Shreveport,324.0,Reefer,39191.0,2025-10-15,1.05284,1.18108,961.45,2.9674382716049386
TR-005210,Cincinnati,Louisville,70.0,Reefer,9458.0,2025-02-02,,2.96407,207.71,2.9672857142857145
TR-021572,Corpus Christi,Dallas,297.3,Reefer,31229.0,2025-05-16,1.36001,1.20139,882.14,2.9671712075344767
TR-026036,Oklahoma City,Shreveport,453.1,Reefer,38700.0,2025-06-13,1.36597,2.94899,1344.4,2.9671154270580447
TR-013712,Atlanta,Cincinnati,199.6,Flatbed,29996.0,2025-03-28,1.1578,2.96027,592.21,2.966983967935872
TR-044379,San Antonio,Austin,86.8,Dry Van,-26959.0,2025-10-08,1.05233,1.15773,257.52,2.9668202764976956
TR-028375,Jacksonville,Columbia,233.1,Flatbed,30837.0,2025-06-28,1.1966,2.97713,691.49,2.9664950664950664
TR-027121,Atlanta,Indianapolis,352.2,Reefer,47500.0,2025-06-20,1.33317,2.95874,1044.71,2.9662407722884727
TR-023992,Chattanooga,Mobile,313.8,Reefer,37554.0,2025-05-31,1.26215,1.16491,930.75,2.966061185468451
TR-027473,Hartford,Philadelphia,70.0,Dry Van,34187.0,2025-06-22,1.21803,2.94548,207.61,2.965857142857143
TR-044435,Lubbock,Corpus Christi,324.2,Reefer,43535.0,2025-10-09,1.08741,1.15791,961.45,2.965607649599013
TR-040467,Nashville,Cincinnati,186.2,Flatbed,26720.0,2025-09-13,0.85127,2.9593,552.07,2.964930182599356
TR-028304,Little Rock,Shreveport,166.8,Dry Van,34647.0,2025-06-27,1.31736,2.96668,494.54,2.9648681055155874
TR-020361,Baton Rouge,Tulsa,285.5,Reefer,26945.0,2025-05-08,1.39182,1.1661,846.26,2.9641330998248687
TR-008947,Oklahoma City,San Antonio,210.3,Reefer,30178.0,2025-02-26,1.08134,2.94904,623.29,2.963813599619591
TR-002422,Shreveport,Little Rock,166.1,Flatbed,32647.0,2025-01-16,1.0149,2.9595,492.27,2.9636965683323298
TR-027614,Nashville,New Orleans,368.7,Reefer,36842.0,2025-06-23,1.19039,2.94807,1092.7,2.963656088961215
TR-040279,Jacksonville,Birmingham,222.6,Reefer,46701.0,2025-09-12,0.94639,2.96379,659.64,2.9633423180592993
TR-022670,Memphis,Nashville,123.9,Dry Van,35285.0,2025-05-23,1.34092,1.19409,367.14,2.96319612590799
TR-041532,Atlanta,Chattanooga,92.1,Dry Van,44196.0,2025-09-20,0.83131,2.95365,272.91,2.963192182410424
TR-036910,Greensboro,Lexington,177.6,Reefer,39292.0,2025-08-21,1.06904,1.59984,526.23,2.963006756756757
TR-026209,Memphis,Nashville,117.2,Dry Van,33576.0,2025-06-15,1.16465,2.97402,347.25,2.9628839590443685
TR-012842,Los Angeles,Phoenix,71.2,Dry Van,33698.0,2025-03-23,0.99329,2.97157,210.92,2.9623595505617977
TR-018141,Corpus Christi,Houston,196.7,Reefer,27591.0,2025-04-25,1.33126,1.15598,582.62,2.961972547025928
TR-044762,Bakersfield,Fresno,220.4,Reefer,39040.0,2025-10-11,0.96217,1.10835,652.79,2.9618421052631576
TR-025844,San Antonio,Baton Rouge,432.7,Reefer,40538.0,2025-06-12,1.3819,2.97132,1281.58,2.9618211231800324
TR-043335,Fort Wayne,Toledo,92.6,Reefer,27702.0,2025-10-02,0.94899,1.19344,274.24,2.9615550755939526
TR-028875,Cincinnati,Dayton,237.5,Reefer,36420.0,2025-07-01,1.28347,1.1891,703.33,2.9613894736842106
TR-012195,Greensboro,Columbia,130.8,Flatbed,27325.0,2025-03-19,1.14932,2.98011,387.27,2.960779816513761
TR-022497,Lexington,Cincinnati,143.5,Reefer,25389.0,2025-05-22,1.43687,1.22095,424.87,2.960766550522648
TR-040577,Phoenix,Los Angeles,71.3,Flatbed,25735.0,2025-09-14,0.81498,2.95608,211.07,2.9603085553997195
TR-025215,Greensboro,Lexington,185.0,Reefer,29848.0,2025-06-08,1.18596,2.95872,547.59,2.9599459459459463
TR-000200,Lubbock,San Antonio,135.0,Reefer,20524.0,2025-01-02,1.02378,2.93631,399.56,2.9597037037037035
TR-026672,Tulsa,Shreveport,199.0,Flatbed,25470.0,2025-06-17,1.27323,2.9274,588.91,2.9593467336683417
TR-012481,New Orleans,Shreveport,70.0,Dry Van,23843.0,2025-03-20,1.21639,2.96871,207.13,2.959
TR-047348,Oklahoma City,San Antonio,202.9,Reefer,21691.0,2025-10-27,0.86973,1.20484,600.37,2.9589452932479055
TR-012403,Houston,Shreveport,235.4,Flatbed,35469.0,2025-03-20,1.21099,2.98209,696.49,2.95875106202209
TR-028863,Chattanooga,Cincinnati,174.7,Flatbed,47500.0,2025-07-01,1.2358,1.21836,516.87,2.9586147681740127
TR-029457,Montgomery,Atlanta,289.2,Reefer,38437.0,2025-07-05,1.20306,1.15696,855.4,2.9578146611341634
TR-008954,New York,Philadelphia,104.0,Reefer,31038.0,2025-02-27,1.10916,2.91236,307.61,2.9577884615384615
TR-020682,Lubbock,San Antonio,124.6,Dry Van,41116.0,2025-05-10,1.25236,1.16497,368.36,2.956340288924559
TR-022791,Nashville,Lexington,255.6,Reefer,33894.0,2025-05-24,1.26647,1.1616,755.57,2.956064162754304
TR-023134,St. Louis,Indianapolis,81.7,Dry Van,34857.0,2025-05-26,1.24097,1.20572,241.39,2.9545899632802937
TR-022210,Lubbock,Austin,70.0,Dry Van,16945.0,2025-05-20,1.33353,1.17219,206.82,2.9545714285714286
TR-024782,Cincinnati,Atlanta,216.1,Flatbed,43311.0,2025-06-05,1.3783,2.9763,638.45,2.954419250347062
TR-047497,Chattanooga,Birmingham,169.4,Flatbed,34018.0,2025-10-29,1.00552,1.22012,500.4,2.953955135773317
TR-007063,Shreveport,Baton Rouge,192.6,Reefer,27317.0,2025-02-14,1.02898,2.96065,568.89,2.9537383177570096
TR-034768,Nashville,Chattanooga,70.9,Dry Van,28792.0,2025-08-07,1.10152,2.14473,209.4,2.9534555712270802
TR-018051,Chattanooga,Atlanta,81.3,Dry Van,32102.0,2025-04-24,1.33519,1.20849,240.1,2.953259532595326
TR-009823,Cincinnati,Lexington,127.6,Flatbed,33351.0,2025-03-04,1.06151,2.96069,376.82,2.9531347962382446
TR-038556,El Paso,Albuquerque,171.2,Flatbed,37939.0,2025-09-01,0.82694,2.93938,505.53,2.9528621495327103
TR-024027,Lubbock,San Antonio,130.1,Dry Van,36431.0,2025-06-01,1.25299,2.97095,384.11,2.952421214450423
TR-021295,Nashville,Louisville,183.9,Reefer,24505.0,2025-05-15,1.44031,1.18514,542.92,2.9522566612289283
TR-027120,Oklahoma City,San Antonio,196.2,Dry Van,44413.0,2025-06-20,1.36624,2.95556,579.22,2.952191641182467
TR-036368,Corpus Christi,Houston,201.5,Reefer,35457.0,2025-08-18,0.88733,1.83474,594.86,2.9521588089330026
TR-003181,Shreveport,Tulsa,206.5,Reefer,34925.0,2025-01-21,0.95271,2.96322,609.51,2.9516222760290556
TR-042513,San Antonio,Lubbock,126.7,Dry Van,31647.0,2025-09-26,0.90788,2.94331,373.96,2.9515390686661402
TR-047620,Nashville,Cincinnati,182.8,Flatbed,33719.0,2025-10-29,1.00141,1.17692,539.46,2.95109409190372
TR-014276,Boston,Hartford,179.4,Reefer,29054.0,2025-03-31,1.01535,2.96481,529.39,2.9508918617614266
TR-014571,San Antonio,Oklahoma City,199.3,Reefer,25061.0,2025-04-02,1.18753,1.18407,588.1,2.950827897641746
TR-044475,Corpus Christi,Oklahoma City,348.9,Reefer,39170.0,2025-10-09,1.02401,1.22034,1029.53,2.9507881914588707
TR-023067,Indianapolis,Milwaukee,96.9,Dry Van,38661.0,2025-05-26,1.22203,1.16515,285.92,2.950670794633643
TR-025125,Richmond,Harrisburg,186.5,Reefer,37995.0,2025-06-07,1.27625,2.94735,550.3,2.950670241286863
TR-040095,Indianapolis,Louisville,133.1,Dry Van,42651.0,2025-09-11,1.03217,2.91852,392.73,2.9506386175807666
TR-026301,Nashville,Mobile,289.3,Reefer,38183.0,2025-06-15,1.21148,2.95352,853.47,2.950120981679917
TR-023982,Birmingham,Mobile,187.7,Reefer,20215.0,2025-05-31,1.27053,1.16437,553.67,2.9497602557272242
TR-020349,Savannah,Columbia,128.9,Flatbed,29734.0,2025-05-08,1.39351,1.1418,380.22,2.9497284716834757
TR-028109,Buffalo,Syracuse,150.3,Reefer,25471.0,2025-06-26,1.39028,2.94161,443.33,2.949634065202927
TR-042111,Buffalo,Syracuse,165.0,Reefer,43759.0,2025-09-24,0.97593,2.95533,486.64,2.949333333333333
TR-020986,Tampa,Montgomery,264.6,Reefer,35395.0,2025-05-13,1.28227,1.18123,780.33,2.949092970521542
TR-017245,San Francisco,Fresno,228.2,Reefer,43818.0,2025-04-19,1.21179,1.23705,672.96,2.9489921121822964
TR-025152,Grand Rapids,Green Bay,106.3,Reefer,20531.0,2025-06-08,1.17669,2.92176,313.47,2.9489181561618065
TR-029159,Providence,Boston,171.1,Flatbed,43166.0,2025-07-03,1.37381,1.19321,504.55,2.9488603156049096
TR-018799,Lexington,Greensboro,191.2,Flatbed,39161.0,2025-04-29,1.3301,1.24138,563.8,2.948744769874477
TR-039277,Atlanta,Cincinnati,201.5,Reefer,29232.0,2025-09-06,0.90746,2.94483,594.15,2.94863523573201
TR-008191,New Orleans,Baton Rouge,184.2,Reefer,28891.0,2025-02-22,0.97456,2.99133,543.13,2.9485884907709012
TR-028017,Atlanta,Little Rock,403.1,Reefer,38374.0,2025-06-25,1.33133,2.96956,1188.48,2.94835028528901
TR-010060,Louisville,Atlanta,226.0,Reefer,34041.0,2025-03-06,1.17202,2.96228,666.25,2.9480088495575223
TR-023609,Atlanta,Nashville,139.6,Dry Van,41407.0,2025-05-29,1.3904,1.19844,411.54,2.9479942693409744
TR-024475,Mobile,Jacksonville,265.9,Reefer,35815.0,2025-06-03,1.24638,2.95706,783.85,2.9479127491538177
TR-010144,Savannah,Greensboro,225.5,Reefer,34448.0,2025-03-06,1.1547,2.96988,664.75,2.9478935698447892
TR-014836,Milwaukee,Kansas City,198.3,Reefer,39627.0,2025-04-04,1.20129,1.23724,584.56,2.947856782652546
TR-034700,Chattanooga,Lexington,213.9,Reefer,28273.0,2025-08-07,1.12941,1.78525,630.52,2.9477325853202427
TR-021314,Toledo,Fort Wayne,89.5,Flatbed,30281.0,2025-05-15,1.37713,1.19066,263.81,2.9475977653631285
TR-046657,Hartford,Philadelphia,70.0,Dry Van,40162.0,2025-10-23,1.06751,1.21286,206.33,2.947571428571429
TR-011557,Shreveport,Houston,229.2,Reefer,29602.0,2025-03-15,1.05057,2.93618,675.46,2.9470331588132637
TR-024756,Bakersfield,Las Vegas,112.1,Dry Van,43106.0,2025-06-05,1.38849,2.96156,330.35,2.9469223907225697
TR-046472,San Antonio,Austin,102.4,Dry Van,30698.0,2025-10-22,1.02831,1.25053,301.74,2.9466796875
TR-038705,Atlanta,Lexington,206.1,Reefer,30575.0,2025-09-02,0.89075,2.95174,607.3,2.9466278505579813
TR-042829,Harrisburg,Richmond,173.3,Flatbed,28455.0,2025-09-28,0.78097,2.92727,510.64,2.9465666474321983
TR-006736,Nashville,Atlanta,130.4,Reefer,27832.0,2025-02-12,1.03166,2.91648,384.22,2.9464723926380367
TR-030117,Atlanta,Cincinnati,194.7,Flatbed,36614.0,2025-07-09,1.40048,1.19179,573.61,2.9461222393425786
TR-004865,Jacksonville,Montgomery,152.1,Reefer,39715.0,2025-01-31,0.99686,2.95691,448.08,2.945956607495069
TR-042404,Chattanooga,Atlanta,90.0,Dry Van,32309.0,2025-09-25,0.962,2.93249,265.12,2.945777777777778
TR-025491,Baton Rouge,Tulsa,301.9,Flatbed,34250.0,2025-06-10,1.26808,2.9577,889.33,2.9457767472673075
TR-016831,Chattanooga,Louisville,194.3,Reefer,28839.0,2025-04-16,1.34092,1.18394,572.36,2.945753988677303
TR-017151,Columbia,Savannah,128.3,Flatbed,37383.0,2025-04-18,1.31298,1.23816,377.94,2.9457521434138734
TR-032169,Cincinnati,Lexington,128.8,Flatbed,-31390.0,2025-07-22,1.2236,1.16136,379.37,2.945419254658385
TR-021006,Greensboro,Columbia,123.5,Flatbed,29436.0,2025-05-13,1.29425,1.21849,363.72,2.945101214574899
TR-029222,Cincinnati,Nashville,188.7,Flatbed,33924.0,2025-07-03,1.36898,1.18662,555.72,2.9449920508744043
TR-021204,Phoenix,Los Angeles,80.4,Dry Van,40652.0,2025-05-14,1.3873,1.16138,236.67,2.94365671641791
TR-024828,Baton Rouge,Mobile,343.1,Flatbed,47230.0,2025-06-05,1.40696,2.91473,1009.89,2.943427572136403
TR-023276,Lexington,Atlanta,214.6,Reefer,34591.0,2025-05-27,1.31494,1.16824,631.54,2.94287045666356
TR-014759,Indianapolis,Cincinnati,196.0,Reefer,36199.0,2025-04-03,1.2314,1.22687,576.74,2.9425510204081635
TR-039650,Indianapolis,Cincinnati,197.1,Reefer,42071.0,2025-09-08,0.81613,2.95977,579.86,2.9419583967529173
TR-015861,Jacksonville,Savannah,208.7,Reefer,34427.0,2025-04-10,1.23402,1.25136,613.93,2.9416866315285097
TR-026905,Indianapolis,Cincinnati,183.8,Flatbed,22376.0,2025-06-19,1.40882,2.8979,540.67,2.9416213275299232
TR-043254,Baton Rouge,Shreveport,176.0,Dry Van,46893.0,2025-10-01,0.95413,1.24262,517.66,2.9412499999999997
TR-025144,Fresno,Bakersfield,219.1,Reefer,42923.0,2025-06-07,1.27818,2.94607,644.37,2.9409858512094935
TR-022476,Houston,Baton Rouge,180.0,Flatbed,16164.0,2025-05-22,1.45057,1.21115,529.33,2.9407222222222225
TR-000830,Indianapolis,St. Louis,82.9,Flatbed,35525.0,2025-01-06,0.8391,2.93462,243.77,2.940530759951749
TR-037707,Houston,Shreveport,252.2,Reefer,37456.0,2025-08-27,1.05431,1.89815,741.58,2.940444091990484
TR-044921,Jacksonville,Birmingham,214.0,Reefer,35628.0,2025-10-12,0.9151,1.1998,629.25,2.9404205607476634
TR-011965,Greensboro,Lexington,177.2,Reefer,37378.0,2025-03-17,0.99712,2.87129,521.03,2.940349887133183
TR-028425,Birmingham,Greensboro,356.0,Reefer,37853.0,2025-06-28,1.24288,2.92159,1046.69,2.940140449438202
TR-047236,Hartford,New York,117.3,Reefer,24062.0,2025-10-27,0.82927,1.1789,344.85,2.939897698209719
TR-022568,Chattanooga,Louisville,189.5,Reefer,24851.0,2025-05-23,1.38258,1.21395,557.0,2.9393139841688654
TR-032205,Corpus Christi,Baton Rouge,293.9,Reefer,30548.0,2025-07-22,1.19963,1.17983,863.79,2.9390609050697516
TR-003625,Nashville,Cincinnati,186.8,Reefer,39603.0,2025-01-23,1.03482,2.96093,548.99,2.938918629550321
TR-037519,Shreveport,Baton Rouge,197.6,Flatbed,32101.0,2025-08-25,0.88397,2.18256,580.73,2.9389170040485832
TR-010957,Baton Rouge,Tulsa,297.1,Reefer,47500.0,2025-03-11,1.02003,2.92872,873.0,2.938404577583305
TR-027048,Lubbock,San Antonio,134.1,Dry Van,23886.0,2025-06-20,1.36614,2.95213,394.03,2.938329604772558
TR-041333,Chattanooga,Atlanta,84.9,Dry Van,36464.0,2025-09-19,0.92634,2.95814,249.46,2.938280329799764
TR-040799,Montgomery,Jacksonville,145.1,Flatbed,31295.0,2025-09-15,0.79699,2.96527,426.34,2.938249483115093
TR-043729,Baton Rouge,Tulsa,298.9,Flatbed,39152.0,2025-10-04,0.96483,1.22597,878.24,2.9382402141184345
TR-028341,Columbia,Montgomery,352.0,Flatbed,47500.0,2025-06-27,1.30971,2.90637,1034.06,2.9376704545454544
TR-024861,Lubbock,San Antonio,121.5,Dry Van,25008.0,2025-06-06,1.37692,2.87592,356.92,2.93761316872428
TR-007417,Atlanta,Nashville,131.8,Flatbed,47500.0,2025-02-16,0.94245,2.94332,387.17,2.9375569044006067
TR-022292,Shreveport,Tulsa,208.0,Flatbed,24202.0,2025-05-21,1.37456,1.23903,610.99,2.937451923076923
TR-006440,Mobile,Montgomery,175.8,Reefer,47500.0,2025-02-10,0.87005,2.94757,516.39,2.937372013651877
TR-027886,Nashville,Kansas City,392.4,Reefer,43615.0,2025-06-25,1.40204,2.95932,1152.6,2.937308868501529
TR-034146,Birmingham,Montgomery,186.1,Flatbed,47090.0,2025-08-03,0.93608,2.09151,546.61,2.9371843095110157
TR-007426,Lexington,Cincinnati,124.4,Reefer,31256.0,2025-02-16,0.89628,2.92324,365.37,2.937057877813505
TR-030180,Houston,Dallas,122.1,Dry Van,23614.0,2025-07-09,1.274,1.21287,358.61,2.9370188370188375
TR-044278,Dayton,Fort Wayne,127.0,Flatbed,39736.0,2025-10-08,1.07986,1.24246,372.9,2.9362204724409446
TR-020895,Hartford,Philadelphia,73.0,Dry Van,43835.0,2025-05-12,1.25312,1.17116,214.33,2.936027397260274
TR-028828,Nashville,Memphis,111.4,Dry Van,35123.0,2025-07-01,1.23796,1.26112,327.04,2.9357271095152604
TR-024172,Toledo,Fort Wayne,94.4,Reefer,28109.0,2025-06-01,1.21532,2.96108,277.13,2.9356991525423726
TR-025983,Shreveport,Nashville,390.6,Reefer,40277.0,2025-06-13,1.33328,2.94695,1146.68,2.9356886840757808
TR-020835,Shreveport,Mobile,302.7,Reefer,35316.0,2025-05-11,1.23666,1.24676,888.56,2.9354476379253387
TR-014754,Greensboro,Columbia,144.3,Reefer,30190.0,2025-04-03,1.22529,1.27251,423.56,2.9352737352737353
TR-026070,Boston,Philadelphia,233.6,Reefer,35130.0,2025-06-14,1.29014,2.94305,685.59,2.9348886986301372
TR-000841,Montgomery,Jacksonville,133.4,Reefer,36484.0,2025-01-06,0.81131,2.90558,391.49,2.9347076461769115
TR-031478,Mobile,Tampa,299.9,Reefer,32767.0,2025-07-17,1.32214,1.24896,879.94,2.934111370456819
TR-045671,Nashville,Mobile,295.0,Reefer,43934.0,2025-10-17,1.02383,1.19571,865.48,2.933830508474576
TR-029040,Atlanta,Cincinnati,215.8,Flatbed,32749.0,2025-07-02,1.32131,1.18837,632.86,2.932622798887859
TR-027169,Nashville,Montgomery,359.6,Reefer,33963.0,2025-06-20,1.34649,2.92881,1054.47,2.93234149054505
TR-020494,Charleston,Savannah,203.3,Reefer,30800.0,2025-05-09,1.35077,1.22237,595.98,2.931529758976881
TR-026661,Milwaukee,Kansas City,191.4,Reefer,22176.0,2025-06-17,1.23777,2.94341,561.08,2.931452455590387
TR-025130,Hartford,Philadelphia,70.8,Dry Van,34933.0,2025-06-07,1.2671,2.93495,207.54,2.93135593220339
TR-029638,Raleigh,Charleston,188.2,Reefer,26568.0,2025-07-06,1.1864,1.21792,551.68,2.9313496280552602
TR-019340,Houston,San Antonio,291.7,Flatbed,38105.0,2025-05-02,1.34977,1.26672,854.97,2.930990743914981
TR-017752,Baton Rouge,Corpus Christi,289.9,Reefer,33777.0,2025-04-22,1.27558,1.23791,849.69,2.9309761986892036
TR-037547,Lexington,Louisville,180.7,Reefer,30301.0,2025-08-26,0.94269,1.70679,529.58,2.930713890426121
TR-011995,Charleston,Raleigh,189.5,Reefer,33295.0,2025-03-17,0.99412,2.92697,555.37,2.930712401055409
TR-035165,Austin,San Antonio,112.4,Dry Van,39428.0,2025-08-10,0.89642,2.08178,329.37,2.9303380782918147
TR-026650,Greensboro,Atlanta,278.7,Flatbed,40196.0,2025-06-17,1.29055,2.92948,816.63,2.930139935414424
TR-040091,Madison,Kansas City,217.5,Reefer,32374.0,2025-09-11,1.04554,2.96911,637.22,2.929747126436782
TR-032392,Indianapolis,Nashville,281.7,Reefer,37746.0,2025-07-23,1.2834,1.18621,825.08,2.9289314873979415
TR-006451,Austin,Oklahoma City,229.1,Reefer,35085.0,2025-02-10,0.88751,2.90339,670.76,2.9278044522042777
TR-036468,Atlanta,Lexington,220.8,Reefer,37439.0,2025-08-18,0.89166,2.34971,646.37,2.9274003623188403
TR-023084,Oklahoma City,Houston,296.1,Reefer,31230.0,2025-05-26,1.23307,1.24318,866.71,2.9270854441067207
TR-044656,Nashville,Indianapolis,272.9,Reefer,39882.0,2025-10-10,1.00359,1.21874,798.7,2.9267130817149143
TR-027373,Indianapolis,Milwaukee,104.6,Dry Van,31247.0,2025-06-21,1.28572,2.9377,306.13,2.9266730401529637
TR-032276,Oklahoma City,Lubbock,202.0,Dry Van,35657.0,2025-07-23,1.31992,1.21945,591.14,2.926435643564356
TR-018602,Philadelphia,Baltimore,107.2,Flatbed,30016.0,2025-04-27,1.15839,1.24512,313.68,2.9261194029850746
TR-039971,Memphis,Shreveport,307.3,Reefer,35389.0,2025-09-10,0.95384,2.96361,899.18,2.926065733810608
TR-028938,Cincinnati,Lexington,138.3,Reefer,23670.0,2025-07-01,1.18301,1.24479,404.65,2.9258857556037596
TR-036356,Atlanta,Birmingham,132.5,Flatbed,34504.0,2025-08-18,0.92027,1.87485,387.66,2.925735849056604
TR-023856,Baton Rouge,Tulsa,286.3,Reefer,26772.0,2025-05-31,1.28179,1.20986,837.54,2.925392944463849
TR-020681,San Antonio,Lubbock,115.3,Dry Van,23264.0,2025-05-10,1.27815,1.21012,337.2,2.924544666088465
TR-010255,New York,Philadelphia,104.6,Reefer,28432.0,2025-03-07,1.09434,2.92397,305.88,2.924282982791587
TR-010269,Houston,Oklahoma City,306.9,Reefer,36084.0,2025-03-07,1.13553,2.90927,897.46,2.924275008145976
TR-012860,Lubbock,San Antonio,123.5,Dry Van,34359.0,2025-03-23,0.99997,2.91007,361.11,2.9239676113360327
TR-008836,Tulsa,Houston,229.8,Reefer,33827.0,2025-02-26,1.1068,2.93329,671.92,2.9239338555265446
TR-015648,Atlanta,Columbia,227.7,Reefer,32866.0,2025-04-09,1.20733,1.22279,665.72,2.9236714975845413
TR-021638,Mobile,Shreveport,293.8,Reefer,34956.0,2025-05-17,1.31386,1.22216,858.92,2.9234853641933287
TR-030167,Lexington,Atlanta,219.6,Flatbed,42278.0,2025-07-09,1.32623,1.23106,641.98,2.9234061930783244
TR-039558,Chattanooga,Cincinnati,171.0,Flatbed,39745.0,2025-09-07,0.83511,2.89854,499.9,2.9233918128654968
TR-020980,Grand Rapids,Green Bay,119.7,Reefer,18072.0,2025-05-13,1.28053,1.19782,349.91,2.9232247284878867
TR-030473,Jacksonville,Mobile,268.4,Flatbed,44833.0,2025-07-11,1.31556,1.26231,784.37,2.9223919523099853
TR-028067,Madison,Kansas City,208.7,Reefer,20118.0,2025-06-26,1.33215,2.91688,609.78,2.9218016291327262
TR-032179,Tulsa,Lubbock,462.2,Reefer,43081.0,2025-07-22,1.21933,1.19604,1350.4,2.9216789268714844
TR-013144,Grand Rapids,Green Bay,114.3,Reefer,19173.0,2025-03-25,1.07141,2.92587,333.93,2.9215223097112863
TR-047672,Hartford,Boston,183.4,Reefer,47500.0,2025-10-30,1.01179,1.21382,535.76,2.921264994547437
TR-020597,Nashville,Memphis,114.8,Dry Van,38160.0,2025-05-10,1.21953,1.30485,335.29,2.9206445993031362
TR-043089,New York,Hartford,125.2,Flatbed,25098.0,2025-09-30,0.90655,2.9363,365.66,2.920607028753994
TR-008800,Corpus Christi,San Antonio,214.4,Reefer,29655.0,2025-02-26,1.15795,2.91201,626.15,2.9204757462686564
TR-025928,Montgomery,Jacksonville,129.1,Dry Van,39003.0,2025-06-13,1.3612,2.9082,377.03,2.9204492641363284
TR-039205,Jacksonville,Atlanta,276.0,Reefer,33013.0,2025-09-05,1.00383,2.92689,806.04,2.9204347826086954
TR-026965,Milwaukee,Cincinnati,237.8,Reefer,27232.0,2025-06-19,1.38034,2.95451,694.47,2.920395290159798
TR-007930,San Antonio,Austin,114.9,Dry Van,35243.0,2025-02-20,1.10323,2.90891,335.53,2.920191470844212
TR-027696,Shreveport,Nashville,370.0,Flatbed,,2025-06-23,1.21302,2.91086,1080.4,2.9200000000000004
TR-028465,Baton Rouge,Lubbock,536.2,Reefer,36059.0,2025-06-28,1.25791,2.9493,1565.63,2.9198619917941064
TR-042045,Detroit,Toledo,149.7,Reefer,29399.0,2025-09-23,0.8831,2.91176,436.95,2.9188376753507015
TR-013356,Tampa,Montgomery,266.7,Reefer,35108.0,2025-03-26,1.21811,2.92825,778.43,2.9187476565429322
TR-040018,Milwaukee,Dayton,187.8,Flatbed,40518.0,2025-09-10,1.01251,2.9023,548.09,2.9184771033013845
TR-004521,Indianapolis,Kansas City,192.6,Reefer,34087.0,2025-01-29,1.04602,2.91846,562.08,2.9183800623052965
TR-021147,Columbia,Atlanta,213.1,Reefer,31979.0,2025-05-14,1.33461,1.24859,621.9,2.918348193336462
TR-045876,Montgomery,Tampa,269.5,Reefer,38155.0,2025-10-18,0.88489,1.19103,786.48,2.9182931354359924
TR-012475,El Paso,Salt Lake City,261.7,Reefer,37383.0,2025-03-20,1.22035,2.88764,763.69,2.9181887657623236
TR-046119,Memphis,Atlanta,237.9,Reefer,39843.0,2025-10-19,0.86087,1.19767,694.21,2.91807482135351
TR-027776,Memphis,Kansas City,335.0,Flatbed,43871.0,2025-06-24,1.26638,2.92199,977.53,2.9179999999999997
TR-026651,Atlanta,Montgomery,298.6,Reefer,30981.0,2025-06-17,1.26823,2.9452,871.27,2.9178499665103814
TR-030751,Lexington,Nashville,251.0,Reefer,37441.0,2025-07-13,1.12457,1.19882,732.38,2.917848605577689
TR-013729,Birmingham,Memphis,246.0,Reefer,30280.0,2025-03-28,1.12579,2.91568,717.79,2.917845528455284
TR-031930,Columbia,Lexington,232.0,Reefer,39713.0,2025-07-20,1.15612,1.21092,676.94,2.9178448275862072
TR-030025,Baltimore,Providence,226.1,Reefer,39477.0,2025-07-08,1.24521,1.23318,659.71,2.917779743476338
TR-025218,Austin,San Antonio,111.4,Dry Van,32376.0,2025-06-08,1.15839,2.94303,325.03,2.917684021543985
TR-016052,Oklahoma City,Lubbock,204.8,Flatbed,27469.0,2025-04-11,1.22704,1.1831,597.45,2.917236328125
TR-028716,Milwaukee,Cincinnati,229.9,Reefer,21458.0,2025-06-30,1.19997,2.93418,670.67,2.9172248803827747
TR-025214,St. Louis,Louisville,191.9,Flatbed,30826.0,2025-06-08,1.18915,2.89545,559.77,2.9169880145909324
TR-019195,St. Louis,Memphis,239.5,Flatbed,47500.0,2025-05-01,1.42917,1.27379,698.6,2.916910229645094
TR-020469,Columbia,Savannah,112.6,Flatbed,28921.0,2025-05-09,1.38076,1.25217,328.44,2.9168738898756663
TR-011849,Shreveport,Houston,244.5,Reefer,26035.0,2025-03-17,0.97075,2.91516,713.11,2.916605316973415
TR-003619,Atlanta,Cincinnati,213.8,Reefer,39058.0,2025-01-23,1.062,2.94244,623.51,2.916323666978484
TR-029126,El Paso,Tucson,301.6,Reefer,36159.0,2025-07-03,1.34337,1.26102,879.49,2.916080901856764
TR-036972,Chattanooga,Atlanta,82.2,Dry Van,32568.0,2025-08-22,1.05348,1.99329,239.63,2.915206812652068
TR-021823,Hartford,New York,123.0,Reefer,15814.0,2025-05-18,1.22564,1.23343,358.57,2.91520325203252
TR-019842,Memphis,Nashville,121.9,Dry Van,37002.0,2025-05-05,1.16534,1.21832,355.36,2.915176374077112
TR-032232,Oklahoma City,Lubbock,197.6,Dry Van,40418.0,2025-07-22,1.20192,1.23333,576.02,2.915080971659919
TR-025497,Grand Rapids,Detroit,145.3,Reefer,28343.0,2025-06-10,1.30274,2.88702,423.55,2.9150034411562284
TR-020711,Lexington,Chattanooga,217.1,Reefer,32287.0,2025-05-11,1.204,1.2389,632.8,2.9147858129894058
TR-029038,Jacksonville,Atlanta,261.9,Reefer,32996.0,2025-07-02,1.32479,1.24698,763.35,2.914662084765178
TR-026123,Shreveport,Dallas,158.2,Dry Van,22472.0,2025-06-14,1.2524,2.92413,461.07,2.9144753476611887
TR-013533,Corpus Christi,Lubbock,315.9,Reefer,33526.0,2025-03-27,1.1732,2.89858,920.65,2.914371636593859
TR-017316,Fresno,Bakersfield,236.5,Reefer,42557.0,2025-04-19,1.21489,1.19579,689.24,2.9143340380549683
TR-016020,Chattanooga,Atlanta,109.6,Flatbed,29406.0,2025-04-11,1.21511,1.26388,319.41,2.9143248175182483
TR-005402,Lexington,Cincinnati,129.4,Flatbed,42444.0,2025-02-03,0.894,2.89662,377.1,2.9142194744976817
TR-026135,Lubbock,San Antonio,125.0,Dry Van,29866.0,2025-06-14,1.29055,2.9125,364.26,2.91408
TR-016846,Fort Wayne,Toledo,103.3,Reefer,22806.0,2025-04-16,1.35001,1.19081,301.02,2.914036786060019
TR-027104,Lexington,Dayton,257.5,Reefer,34037.0,2025-06-20,1.29645,2.91863,750.36,2.9140194174757283
TR-031654,Memphis,Cincinnati,222.5,Reefer,28455.0,2025-07-18,1.30403,1.26414,648.31,2.9137528089887637
TR-041913,Nashville,Jacksonville,357.0,Reefer,47500.0,2025-09-22,0.82065,2.89152,1040.12,2.9135014005602238
TR-031093,Birmingham,Montgomery,202.0,Reefer,23603.0,2025-07-15,1.24364,1.19873,588.42,2.9129702970297027
TR-012183,Nashville,St. Louis,274.1,Flatbed,41183.0,2025-03-19,1.14575,2.94377,798.44,2.9129514775629333
TR-041473,Phoenix,Tucson,280.6,Reefer,-44395.0,2025-09-20,0.87193,2.91009,817.29,2.912651461154668
TR-033132,Indianapolis,Louisville,155.8,Flatbed,35367.0,2025-07-28,0.93817,1.23326,453.76,2.9124518613607187
TR-028960,Baton Rouge,Lubbock,508.9,Reefer,41188.0,2025-07-02,1.35218,1.25457,1482.09,2.9123403419139318
TR-012712,Atlanta,Lexington,214.2,Reefer,33302.0,2025-03-22,1.0898,2.92947,623.82,2.912324929971989
TR-023520,Baton Rouge,Houston,150.6,Dry Van,29300.0,2025-05-29,1.33983,1.24969,438.5,2.911686586985392
TR-034352,Columbia,Atlanta,208.9,Reefer,38213.0,2025-08-04,0.94316,2.16728,608.22,2.9115366203925324
TR-045382,Greensboro,Columbia,119.6,Flatbed,22083.0,2025-10-15,1.04229,1.20097,348.2,2.911371237458194
TR-030546,Phoenix,Los Angeles,70.0,Dry Van,41759.0,2025-07-11,1.28355,1.23334,203.79,2.911285714285714
TR-027598,Amarillo,Lubbock,417.5,Reefer,38852.0,2025-06-23,1.21959,2.93236,1215.42,2.911185628742515
TR-025754,Bakersfield,Tucson,319.8,Reefer,34604.0,2025-06-11,1.34784,2.9072,930.86,2.9107567229518447
TR-047650,Corpus Christi,San Antonio,206.5,Flatbed,26944.0,2025-10-30,1.05045,1.25373,601.03,2.9105569007263923
TR-029207,Jacksonville,Columbia,246.5,Reefer,32356.0,2025-07-03,1.36114,1.20289,717.4,2.910344827586207
TR-042363,Lubbock,San Antonio,137.1,Dry Van,25827.0,2025-09-25,0.96594,2.90328,398.95,2.909919766593727
TR-039056,Nashville,Cincinnati,187.6,Flatbed,31118.0,2025-09-04,1.02669,2.93187,545.79,2.9093283582089553
TR-012122,Cincinnati,Nashville,191.5,Flatbed,35846.0,2025-03-18,1.11812,2.9099,557.13,2.909295039164491
TR-012509,Houston,Tulsa,229.1,Reefer,24356.0,2025-03-21,1.15816,2.91555,666.48,2.909122653862942
TR-023190,Grand Rapids,Fort Wayne,193.4,Reefer,36684.0,2025-05-26,1.16402,1.30987,562.62,2.9091003102378488
TR-005973,Atlanta,Lexington,214.1,Reefer,47500.0,2025-02-07,1.06047,2.90507,622.82,2.9090144792153203
TR-027723,Tampa,Jacksonville,370.8,Reefer,35903.0,2025-06-24,1.26073,2.95179,1078.66,2.909007551240561
TR-034493,Baton Rouge,Shreveport,187.2,Reefer,20465.0,2025-08-05,0.97056,2.24678,544.54,2.9088675213675215
TR-026238,Mobile,Nashville,293.4,Flatbed,47270.0,2025-06-15,1.22373,2.90853,853.32,2.90838445807771
TR-018737,Lexington,Nashville,263.6,Reefer,39033.0,2025-04-28,1.13934,1.26452,766.57,2.908080424886191
TR-046150,Chattanooga,Lexington,221.0,Reefer,41814.0,2025-10-20,0.87355,1.21855,642.59,2.9076470588235295
TR-020110,Grand Rapids,Toledo,174.9,Reefer,28161.0,2025-05-07,1.37645,1.21222,508.37,2.9066323613493426
TR-044358,Kansas City,Madison,201.4,Reefer,29241.0,2025-10-08,1.07238,1.2394,585.34,2.9063555114200597
TR-043789,San Antonio,Oklahoma City,202.7,Flatbed,23356.0,2025-10-04,0.91409,1.23925,589.08,2.9061667488899854
TR-027851,Oklahoma City,Baton Rouge,428.1,Reefer,36368.0,2025-06-24,1.26447,2.92361,1243.79,2.905372576500817
TR-030033,Lexington,Chattanooga,225.4,Reefer,29942.0,2025-07-08,1.24009,1.22056,654.74,2.9047914818101153
TR-035171,Chattanooga,Atlanta,80.5,Dry Van,34577.0,2025-08-10,0.93013,1.51707,233.81,2.904472049689441
TR-037792,Savannah,Charleston,202.6,Reefer,31576.0,2025-08-27,1.06037,2.12595,588.43,2.9043928923988154
TR-015447,Mobile,Birmingham,177.1,Reefer,27072.0,2025-04-08,1.15392,1.26006,514.31,2.9040654997176736
TR-027040,Amarillo,Oklahoma City,425.7,Flatbed,32082.0,2025-06-19,1.36532,2.90241,1236.25,2.904040404040404
TR-045197,Tulsa,Shreveport,207.9,Reefer,,2025-10-14,0.93693,1.21667,603.72,2.9038961038961038
TR-043029,Las Vegas,Tucson,224.3,Reefer,24748.0,2025-09-30,0.83458,2.88052,651.21,2.903299152920196
TR-028655,Milwaukee,Nashville,365.6,Reefer,37075.0,2025-06-29,1.2214,2.89122,1061.33,2.9029814004376364
TR-023115,New Orleans,Memphis,321.4,Reefer,27860.0,2025-05-26,1.19644,1.25205,933.01,2.9029558182949597
TR-022271,Cincinnati,Indianapolis,189.1,Flatbed,35274.0,2025-05-21,1.38884,1.28852,548.93,2.902855631940772
TR-042444,Phoenix,Tucson,276.7,Flatbed,34304.0,2025-09-26,0.90893,2.89971,803.21,2.9028189374774125
TR-042720,Houston,Austin,391.7,Reefer,33432.0,2025-09-28,0.80387,2.88632,1137.0,2.902731682410008
TR-001215,Houston,Oklahoma City,309.7,Reefer,38883.0,2025-01-08,0.98883,2.88395,898.89,2.9024539877300612
TR-025039,Memphis,Indianapolis,250.9,Flatbed,39742.0,2025-06-07,1.27897,2.89482,728.05,2.90175368672778
TR-040460,Atlanta,Chattanooga,87.9,Dry Van,30479.0,2025-09-13,0.88424,2.88898,255.06,2.9017064846416383
TR-034967,Oklahoma City,Lubbock,210.9,Flatbed,31522.0,2025-08-08,1.07049,1.78854,611.95,2.9016121384542437
TR-023509,Columbia,Savannah,111.8,Dry Van,36496.0,2025-05-29,1.37913,1.21392,324.36,2.9012522361359574
TR-039324,Lexington,Cincinnati,131.9,Reefer,18936.0,2025-09-06,0.91469,2.934,382.63,2.900909780136467
TR-005060,Albuquerque,El Paso,196.8,Reefer,42138.0,2025-02-01,0.92936,2.91168,570.88,2.900813008130081
TR-013393,Tulsa,Oklahoma City,301.0,Reefer,8745.0,2025-03-26,1.17022,2.88409,873.02,2.9003986710963456
TR-031579,Chattanooga,Columbia,266.4,Reefer,33249.0,2025-07-18,1.26162,1.24633,772.66,2.9003753753753756
TR-028499,Buffalo,Harrisburg,195.9,Flatbed,37588.0,2025-06-28,1.18802,2.89974,568.18,2.9003573251659005
TR-030070,Nashville,Atlanta,142.6,Dry Van,41174.0,2025-07-08,1.27002,1.23808,413.57,2.900210378681627
TR-031792,Lexington,Columbia,237.9,Reefer,33732.0,2025-07-19,1.16344,1.26606,689.96,2.90021017234132
TR-039740,Houston,Shreveport,254.0,Reefer,34229.0,2025-09-09,0.89273,2.89871,736.62,2.9000787401574804
TR-043297,Hartford,Philadelphia,70.0,Dry Van,41400.0,2025-10-01,0.96595,1.21592,203.0,2.9
TR-016794,Indianapolis,Milwaukee,104.9,Dry Van,32459.0,2025-04-16,1.35902,1.27037,304.19,2.8998093422306956
TR-025413,New Orleans,Houston,246.4,Reefer,26545.0,2025-06-09,1.21278,2.89653,714.44,2.899512987012987
TR-029166,Cincinnati,Atlanta,206.9,Flatbed,35161.0,2025-07-03,1.33809,1.22708,599.88,2.8993716771387144
TR-003615,Chattanooga,Birmingham,155.4,Reefer,23723.0,2025-01-23,1.07329,2.87921,450.54,2.8992277992277993
TR-025077,Buffalo,Syracuse,152.4,Reefer,34668.0,2025-06-07,1.20334,2.86892,441.83,2.8991469816272963
TR-040113,Montgomery,Savannah,337.2,Reefer,40021.0,2025-09-11,1.01312,2.90834,977.56,2.8990510083036773
TR-023402,Savannah,Greensboro,223.7,Flatbed,40074.0,2025-05-28,1.33894,1.21282,648.43,2.89865891819401
TR-008128,Atlanta,Cincinnati,198.5,Reefer,33365.0,2025-02-21,1.06955,2.87824,575.37,2.8985894206549117
TR-027736,Oklahoma City,San Antonio,206.5,Dry Van,32395.0,2025-06-24,1.30431,2.86673,598.51,2.8983535108958836
TR-014740,Philadelphia,Hartford,71.2,Dry Van,39270.0,2025-04-03,1.20327,1.33449,206.35,2.898174157303371
TR-040210,Chattanooga,Lexington,222.1,Reefer,28853.0,2025-09-11,0.98416,2.87419,643.67,2.8981089599279604
TR-043525,Las Vegas,Bakersfield,111.7,Dry Van,47500.0,2025-10-03,1.00714,1.1955,323.69,2.897851387645479
TR-018291,Mobile,New Orleans,281.3,Flatbed,35036.0,2025-04-25,1.35207,1.28061,815.14,2.8977603981514397
TR-020401,Salt Lake City,Tucson,338.1,Reefer,44644.0,2025-05-09,1.32659,1.24132,979.73,2.8977521443359953
TR-025610,St. Louis,Memphis,242.9,Flatbed,32824.0,2025-06-10,1.30925,2.86651,703.85,2.897694524495677
TR-015076,Savannah,Columbia,115.8,Reefer,20377.0,2025-04-05,1.08956,1.24698,335.53,2.897495682210708
TR-029524,Louisville,Lexington,178.4,Flatbed,34818.0,2025-07-05,1.24186,1.28183,516.91,2.897477578475336
TR-013438,Lexington,Nashville,259.1,Flatbed,32146.0,2025-03-26,1.18287,2.83986,750.71,2.8973755306831337
TR-026495,Lubbock,Amarillo,408.7,Flatbed,40463.0,2025-06-16,1.19401,2.9075,1184.13,2.8973085392708593
TR-031719,Jacksonville,Chattanooga,331.9,Reefer,35205.0,2025-07-19,1.22356,1.27012,961.59,2.8972280807472135
TR-040683,San Antonio,Houston,299.7,Flatbed,41148.0,2025-09-14,0.74398,2.88018,868.27,2.8971304637971307
TR-025609,Cincinnati,Milwaukee,240.7,Reefer,21317.0,2025-06-10,1.31198,2.89717,697.29,2.896925633568758
TR-010629,Hartford,Philadelphia,83.6,Reefer,26731.0,2025-03-09,0.97503,2.8719,242.18,2.8968899521531104
TR-027177,Tulsa,San Antonio,420.8,Reefer,33866.0,2025-06-20,1.26989,2.84941,1218.79,2.8963640684410645
TR-044844,Oklahoma City,Austin,239.2,Flatbed,39120.0,2025-10-11,0.87822,1.28331,692.79,2.896279264214047
TR-046223,Columbia,Birmingham,274.0,Reefer,36384.0,2025-10-20,0.83573,1.22892,793.55,2.8961678832116786
TR-004974,Fort Wayne,Toledo,91.0,Reefer,27521.0,2025-02-01,0.95016,2.90385,263.54,2.896043956043956
TR-033790,Columbia,Greensboro,138.3,Flatbed,33506.0,2025-08-01,1.05638,2.22769,400.5,2.8958785249457697
TR-015947,Las Vegas,Tucson,258.5,Reefer,44961.0,2025-04-11,1.17,1.30886,748.46,2.8953965183752417
TR-005900,St. Louis,Louisville,192.5,Reefer,47500.0,2025-02-07,1.01675,2.89817,557.27,2.8949090909090907
TR-031713,Tulsa,Houston,255.3,Reefer,21302.0,2025-07-19,1.20906,1.26181,739.06,2.8948687818253034
TR-029589,Louisville,Memphis,202.2,Flatbed,37353.0,2025-07-05,1.2394,1.22682,585.34,2.8948565776458954
TR-031544,San Antonio,Corpus Christi,201.5,Dry Van,38693.0,2025-07-18,1.29474,1.27552,583.26,2.894590570719603
TR-033602,Atlanta,Columbia,225.3,Reefer,39292.0,2025-07-31,1.09028,1.24933,652.13,2.894496227252552
TR-047199,Little Rock,Chattanooga,352.7,Reefer,47500.0,2025-10-26,0.81124,1.27168,1020.81,2.894272753047916
TR-000906,Fort Wayne,Toledo,80.0,Reefer,25930.0,2025-01-06,,2.92545,231.54,2.89425
TR-037397,Baltimore,Philadelphia,106.6,Reefer,25690.0,2025-08-25,0.89,1.87539,308.52,2.894183864915572
TR-010754,El Paso,Albuquerque,193.0,Flatbed,37253.0,2025-03-10,0.98696,2.87581,558.56,2.8940932642487045
TR-035926,Atlanta,Nashville,143.5,Flatbed,26395.0,2025-08-15,1.01453,2.139,415.29,2.894006968641115
TR-047219,Nashville,Atlanta,145.2,Flatbed,28460.0,2025-10-27,0.8197,1.2359,420.2,2.893939393939394
TR-007168,Lubbock,Oklahoma City,196.4,Flatbed,33192.0,2025-02-15,0.95615,2.89485,568.3,2.8935845213849283
TR-025458,Dayton,Fort Wayne,152.1,Flatbed,32715.0,2025-06-09,1.19321,2.85901,440.11,2.8935568704799475
TR-031298,Louisville,Indianapolis,146.3,Dry Van,47500.0,2025-07-16,1.28783,1.25475,423.31,2.8934381408065617
TR-013410,Cincinnati,Lexington,127.7,Dry Van,41390.0,2025-03-26,1.22617,2.88646,369.49,2.8934220830070476
TR-003885,Philadelphia,New York,110.4,Reefer,28176.0,2025-01-25,0.9052,2.89114,319.39,2.8930253623188404
TR-017631,Toledo,Fort Wayne,98.2,Flatbed,34233.0,2025-04-21,1.20024,1.25318,284.09,2.8929735234215883
TR-047674,San Antonio,Houston,284.2,Reefer,28639.0,2025-10-30,1.03115,1.22128,822.11,2.892716396903589
TR-021367,Savannah,Charleston,186.2,Reefer,19832.0,2025-05-15,1.41119,1.25045,538.61,2.8926423200859293
TR-021100,Nashville,Jacksonville,378.1,Reefer,47440.0,2025-05-13,1.34292,1.2533,1093.67,2.8925416556466543
TR-034052,Shreveport,Baton Rouge,188.3,Flatbed,27219.0,2025-08-03,0.91848,2.03128,544.64,2.892405735528412
TR-023907,Shreveport,Baton Rouge,181.2,Flatbed,14408.0,2025-05-31,1.3095,1.26568,524.05,2.8921081677704192
TR-022352,Corpus Christi,San Antonio,199.8,Dry Van,36860.0,2025-05-21,1.36755,1.24478,577.83,2.8920420420420423
TR-020313,Columbia,Greensboro,138.4,Dry Van,43519.0,2025-05-08,1.4346,1.27278,400.24,2.891907514450867
TR-021170,Kansas City,Milwaukee,192.7,Reefer,26882.0,2025-05-14,1.41705,1.278,557.16,2.89133367929424
TR-025366,Columbia,Greensboro,127.7,Dry Van,41311.0,2025-06-09,1.24026,2.84219,369.22,2.8913077525450275
TR-017999,Lubbock,Corpus Christi,336.7,Reefer,33993.0,2025-04-23,1.32609,1.24652,973.45,2.8911493911493915
TR-043170,Indianapolis,Dayton,246.4,Reefer,39932.0,2025-10-01,0.97449,1.26425,712.29,2.8907873376623376
TR-016663,Atlanta,Cincinnati,189.4,Flatbed,45681.0,2025-04-15,1.18884,1.24428,547.47,2.8905491024287224
TR-003483,Nashville,Atlanta,140.5,Reefer,25077.0,2025-01-22,1.0226,2.90001,406.04,2.889964412811388
TR-025951,Jacksonville,Montgomery,131.4,Dry Van,38416.0,2025-06-13,1.31871,2.89034,379.73,2.8898782343987826
TR-045340,Greensboro,Savannah,213.4,Reefer,42139.0,2025-10-14,0.91907,1.31793,616.61,2.889456419868791
TR-038718,Memphis,Louisville,206.4,Reefer,38606.0,2025-09-02,0.87764,2.88769,596.38,2.8894379844961238
TR-000986,Nashville,Cincinnati,196.4,Reefer,45459.0,2025-01-07,0.85061,2.91099,567.44,2.889205702647658
TR-030255,Mobile,Shreveport,278.8,Reefer,34679.0,2025-07-10,1.35363,1.20152,805.51,2.889203730272597
TR-021245,Shreveport,Little Rock,158.5,Dry Van,35045.0,2025-05-14,1.34184,1.24671,457.92,2.8890851735015772
TR-002307,Las Vegas,Bakersfield,116.1,Reefer,15241.0,2025-01-15,1.00379,2.87584,335.38,2.8887166236003448
TR-027402,Lexington,Indianapolis,295.2,Flatbed,33539.0,2025-06-22,1.17413,2.86649,852.74,2.8886856368563687
TR-027041,Dayton,Cincinnati,250.4,Reefer,32166.0,2025-06-19,1.3476,2.91499,723.32,2.8886581469648562
TR-010909,Philadelphia,New York,98.1,Reefer,15718.0,2025-03-11,1.07489,2.89536,283.37,2.8885830784913358
TR-044469,Los Angeles,Phoenix,77.5,Dry Van,28691.0,2025-10-09,1.01691,1.29156,223.86,2.8885161290322583
TR-040071,Savannah,Jacksonville,217.2,Reefer,23542.0,2025-09-11,0.97336,2.84541,627.33,2.8882596685082875
TR-012033,Atlanta,Columbia,212.4,Reefer,29414.0,2025-03-18,1.06162,2.87068,613.4,2.887947269303201
TR-006832,Lexington,Cincinnati,131.3,Flatbed,39961.0,2025-02-13,1.07541,2.8868,379.12,2.8874333587204872
TR-021431,Detroit,Toledo,156.7,Reefer,30843.0,2025-05-16,1.35865,1.29254,452.46,2.8874282067645183
TR-010422,Cincinnati,Lexington,136.2,Reefer,29093.0,2025-03-08,1.07347,2.86845,393.24,2.8872246696035244
TR-010138,New York,Baltimore,186.9,Reefer,40420.0,2025-03-06,1.17633,2.86818,539.62,2.8872124130551096
TR-012655,Lexington,Atlanta,210.1,Flatbed,25905.0,2025-03-22,1.08221,2.86921,606.55,2.8869585911470725
TR-011152,Baton Rouge,Mobile,326.1,Reefer,39627.0,2025-03-12,1.14559,2.90327,941.42,2.886905857099049
TR-025028,Cincinnati,Indianapolis,191.6,Reefer,19602.0,2025-06-07,1.26543,2.91626,553.12,2.886847599164927
TR-014292,Chattanooga,Columbia,277.4,Reefer,43087.0,2025-04-01,1.09766,1.26193,800.77,2.886697909156453
TR-019802,Charleston,Raleigh,201.8,Reefer,36207.0,2025-05-05,1.23319,1.2369,582.52,2.886620416253716
TR-028174,Tampa,New Orleans,506.9,Reefer,38164.0,2025-06-26,1.3925,2.89549,1463.17,2.886506214243441
TR-004149,New Orleans,Baton Rouge,177.0,Flatbed,36817.0,2025-01-27,0.84161,2.86128,510.82,2.8859887005649716
TR-027591,Savannah,Columbia,117.0,Dry Van,34453.0,2025-06-23,1.24739,2.86955,337.66,2.8859829059829063
TR-019239,Oklahoma City,Corpus Christi,340.8,Flatbed,35793.0,2025-05-01,1.43086,1.25934,983.49,2.8858274647887323
TR-024189,Chattanooga,Atlanta,84.2,Dry Van,30211.0,2025-06-01,1.12999,2.9061,242.98,2.885748218527316
TR-017135,Greensboro,Charleston,264.0,Reefer,45245.0,2025-04-18,1.33091,1.31559,761.83,2.885719696969697
TR-009081,Birmingham,Chattanooga,172.0,Flatbed,28579.0,2025-02-27,1.12436,2.89587,496.25,2.885174418604651
TR-028314,Cincinnati,Milwaukee,247.1,Reefer,21389.0,2025-06-27,1.28407,2.87665,712.89,2.8850263051396197
TR-016093,Los Angeles,Phoenix,70.0,Dry Van,36139.0,2025-04-12,1.08463,1.24311,201.95,2.885
TR-007086,Philadelphia,New York,94.2,Reefer,31456.0,2025-02-14,1.02205,2.89587,271.76,2.8849256900212312
TR-044756,New York,Hartford,114.6,Flatbed,27047.0,2025-10-11,,1.20776,330.59,2.8847294938917973
TR-027267,Fort Wayne,Toledo,96.4,Dry Van,43458.0,2025-06-21,1.26592,2.85336,278.08,2.884647302904564
TR-026420,Fresno,San Francisco,220.1,Flatbed,32011.0,2025-06-16,1.15108,2.91943,634.85,2.8843707405724675
TR-012029,St. Louis,Cincinnati,235.3,Reefer,33293.0,2025-03-18,1.05398,2.9351,678.69,2.884360390990225
TR-025528,Baltimore,Hartford,135.1,Reefer,17423.0,2025-06-10,1.28618,2.86198,389.64,2.8840858623242043
TR-040857,Amarillo,Lubbock,411.0,Reefer,41918.0,2025-09-16,0.91285,2.86534,1185.12,2.883503649635036
TR-028318,Richmond,Buffalo,336.4,Reefer,40114.0,2025-06-27,1.32644,2.9013,969.95,2.8833234244946495
TR-027111,Nashville,Lexington,250.8,Reefer,23459.0,2025-06-20,1.36482,2.88739,723.13,2.8832934609250396
TR-019093,Madison,Kansas City,236.1,Reefer,33775.0,2025-04-30,1.35513,1.26416,680.69,2.8830580262600596
TR-030722,San Antonio,Oklahoma City,198.1,Dry Van,37465.0,2025-07-12,1.23132,1.26671,571.08,2.882786471479051
TR-010980,Phoenix,Los Angeles,77.4,Dry Van,39523.0,2025-03-11,1.02599,2.87964,223.11,2.8825581395348836
TR-039184,Little Rock,Dallas,267.3,Flatbed,47500.0,2025-09-05,0.97547,2.8568,770.47,2.882416760194538
TR-024425,Hartford,Philadelphia,75.7,Dry Van,30722.0,2025-06-03,1.2617,2.87248,218.19,2.8822985468956404
TR-017295,Greensboro,Lexington,183.6,Reefer,42079.0,2025-04-19,1.20921,1.24135,529.15,2.8820806100217866
TR-036494,San Antonio,Corpus Christi,215.5,Reefer,27468.0,2025-08-19,0.97623,1.98188,621.06,2.881948955916473
TR-023339,Atlanta,Nashville,136.2,Dry Van,37542.0,2025-05-27,1.28818,1.23204,392.51,2.8818649045521294
TR-026673,St. Louis,Madison,274.0,Reefer,22943.0,2025-06-17,1.31214,2.85255,789.47,2.881277372262774
TR-033709,Los Angeles,Phoenix,87.7,Dry Van,31159.0,2025-07-31,1.13495,1.28659,252.68,2.8811858608893957
TR-001767,San Antonio,Austin,97.7,Dry Van,44658.0,2025-01-11,0.84863,2.86239,281.48,2.881064483111566
TR-011156,Bakersfield,Fresno,227.4,Reefer,36173.0,2025-03-12,1.12454,2.87072,655.08,2.8807387862796836
TR-021396,Greensboro,Charleston,265.8,Reefer,38736.0,2025-05-15,1.38798,1.28377,765.69,2.8806997742663656
TR-031783,Columbia,Atlanta,222.1,Flatbed,38493.0,2025-07-19,1.16846,1.26177,639.73,2.880369203061684
TR-024453,Montgomery,Jacksonville,161.8,Dry Van,30521.0,2025-06-03,1.32,2.84905,466.01,2.8801606922126077
TR-026967,Oklahoma City,Lubbock,199.2,Dry Van,30115.0,2025-06-19,1.42086,2.8845,573.67,2.8798694779116465
TR-008359,Hartford,Baltimore,149.0,Reefer,36264.0,2025-02-23,0.96583,2.85335,429.1,2.8798657718120806
TR-039001,Columbia,Greensboro,120.1,Dry Van,35214.0,2025-09-04,1.01732,2.83833,345.86,2.8797668609492093
TR-045182,Chattanooga,Atlanta,95.5,Dry Van,37977.0,2025-10-13,0.87285,1.24745,275.01,2.8796858638743457
TR-046902,Baton Rouge,Dallas,180.4,Dry Van,42854.0,2025-10-25,0.91251,1.32962,519.46,2.879490022172949
TR-044383,San Antonio,Oklahoma City,215.9,Dry Van,43494.0,2025-10-08,1.06905,1.2523,621.68,2.8794812413154234
TR-013845,Lexington,Atlanta,219.9,Flatbed,28726.0,2025-03-29,1.11627,2.8986,633.16,2.879308776716689
TR-028052,Montgomery,Lexington,478.8,Reefer,41573.0,2025-06-26,1.36734,2.87843,1378.61,2.879302422723475
TR-025756,Lexington,Memphis,310.6,Reefer,36686.0,2025-06-11,1.36738,2.90654,894.09,2.878589826142949
TR-032433,Lexington,Cincinnati,128.4,Flatbed,14705.0,2025-07-23,1.31807,1.26545,369.61,2.8785825545171337
TR-043736,Cincinnati,Nashville,189.0,Flatbed,37010.0,2025-10-04,0.96758,1.22795,544.04,2.8785185185185185
TR-013754,Tampa,Montgomery,269.4,Reefer,27259.0,2025-03-28,1.14675,2.90276,775.4,2.8782479584261322
TR-015509,Fort Wayne,Dayton,130.0,Reefer,18863.0,2025-04-08,1.1573,1.31578,374.16,2.8781538461538463
TR-010689,San Antonio,Oklahoma City,228.9,Flatbed,36195.0,2025-03-09,0.94324,2.82599,658.8,2.878112712975098
TR-025514,Milwaukee,Kansas City,175.6,Reefer,24021.0,2025-06-10,1.29187,2.86422,505.32,2.8776765375854216
TR-019606,Lubbock,Dallas,408.1,Reefer,34335.0,2025-05-04,1.16295,1.29548,1174.11,2.8770154373927954
TR-018035,Mobile,New Orleans,293.3,Reefer,22306.0,2025-04-24,1.36043,1.29325,843.82,2.876986021138766
TR-042629,Lexington,Milwaukee,331.2,Reefer,42327.0,2025-09-27,0.7976,2.85505,952.82,2.8768719806763285
TR-028231,Bakersfield,El Paso,440.0,Reefer,39299.0,2025-06-27,,2.89339,1265.82,2.876863636363636
TR-025994,Louisville,Atlanta,226.0,Flatbed,27263.0,2025-06-13,1.34448,2.85814,650.14,2.876725663716814
TR-022843,Cincinnati,Nashville,199.4,Flatbed,37190.0,2025-05-24,1.26521,1.31329,573.6,2.8766298896690072
TR-013440,Corpus Christi,Oklahoma City,363.0,Flatbed,37166.0,2025-03-26,1.19655,2.86447,1044.12,2.876363636363636
TR-002500,Shreveport,Baton Rouge,179.3,Flatbed,27626.0,2025-01-16,1.05005,2.87753,515.72,2.8762967094255436
TR-006360,Houston,Baton Rouge,178.3,Reefer,39214.0,2025-02-09,0.90677,3.10033,223.44,1.2531688166012338
TR-020775,New York,Hartford,140.2,Flatbed,42400.0,2025-05-11,1.22365,1.18216,173.03,1.2341654778887305
TR-034344,Louisville,Cincinnati,70.0,Dry Van,35673.0,2025-08-04,0.94554,2.13051,82.38,1.1768571428571428
TR-007196,Madison,Dayton,305.9,Reefer,39116.0,2025-02-15,0.97131,2.69291,332.21,1.0860084995096437
TR-028095,Columbia,Lubbock,1209.2,Reefer,29304.0,2025-06-26,1.40758,2.55503,1286.37,1.063819053919947
TR-047002,Cincinnati,Memphis,223.4,Dry Van,26230.0,2025-10-25,0.92,1.63109,232.16,1.039212175470009
TR-034934,Shreveport,Columbia,644.8,Reefer,47500.0,2025-08-08,1.05955,2.04896,650.18,1.0083436724565757
TR-024478,Dallas,Atlanta,621.1,Flatbed,34409.0,2025-06-03,1.28044,2.55483,621.84,1.001191434551602
TR-030016,Hartford,Providence,259.1,Reefer,30968.0,2025-07-08,1.22156,1.34537,257.56,0.9940563489000385
TR-027396,Washington,Green Bay,787.3,Reefer,34234.0,2025-06-22,1.20231,2.46431,772.55,0.9812650831957322
TR-034535,Lexington,Syracuse,703.2,Reefer,33888.0,2025-08-05,1.03136,2.00865,682.59,0.9706911262798634
TR-020177,Grand Rapids,Greensboro,675.5,Flatbed,45591.0,2025-05-07,1.36909,1.73047,652.95,0.9666173205033309
TR-047796,Memphis,Atlanta,239.2,Flatbed,37701.0,2025-10-30,1.04158,1.24252,227.15,0.949623745819398
TR-021578,Montgomery,Corpus Christi,738.0,Dry Van,39478.0,2025-05-16,1.35358,1.90089,700.65,0.949390243902439
TR-010898,Kansas City,Atlanta,491.8,Dry Van,39832.0,2025-03-11,1.06707,2.28171,464.41,0.9443066287108581
TR-042302,Nashville,Greensboro,371.1,Dry Van,28762.0,2025-09-25,,2.31887,349.14,0.9408245755860953
TR-041163,Green Bay,Philadelphia,946.1,Reefer,35887.0,2025-09-18,0.96716,2.34538,885.17,0.9355987739139625
TR-046720,Syracuse,Raleigh,616.7,Flatbed,30145.0,2025-10-23,1.01847,1.8847,572.98,0.9291065347819036
TR-032850,Memphis,Albany,1289.4,Reefer,38855.0,2025-07-26,1.0155,1.97337,1197.41,0.9286567395687917
TR-019854,Mobile,Richmond,929.9,Reefer,30145.0,2025-05-05,1.19895,1.81017,861.91,0.9268846112485213
TR-037750,New York,Richmond,259.3,Dry Van,34811.0,2025-08-27,1.00744,1.79223,240.18,0.926263015811801
TR-015253,Atlanta,Montgomery,309.2,Reefer,24401.0,2025-04-06,1.01153,1.62634,286.08,0.9252263906856404
TR-038710,Hartford,Richmond,334.8,Reefer,27985.0,2025-09-02,0.90745,2.5586,309.15,0.9233870967741934
TR-030554,Nashville,Dayton,429.9,Flatbed,37647.0,2025-07-11,1.29181,1.5368,396.96,0.92337752965806
TR-038803,Columbia,Milwaukee,527.4,Flatbed,25672.0,2025-09-03,0.99467,2.27798,486.09,0.9216723549488055
TR-029058,Milwaukee,Atlanta,419.3,Reefer,14456.0,2025-07-02,1.34331,1.58439,385.09,0.9184116384450274
TR-022644,Kansas City,Milwaukee,196.1,Reefer,36586.0,2025-05-23,1.33687,1.12725,179.58,0.915757266700663
TR-027472,Baton Rouge,Columbia,715.9,Dry Van,23079.0,2025-06-22,1.20735,2.17926,654.01,0.9135493784048051
TR-035980,Chattanooga,Kansas City,436.5,Dry Van,38073.0,2025-08-15,1.07211,1.82556,397.3,0.9101947308132875
TR-040596,Nashville,Buffalo,814.3,Reefer,25013.0,2025-09-14,0.81945,2.22123,733.39,0.9006385852879775
TR-012307,Boston,Milwaukee,1194.5,Reefer,19836.0,2025-03-19,1.17492,2.20213,1067.6,0.8937630807869401
TR-039677,Oklahoma City,Indianapolis,848.9,Flatbed,25735.0,2025-09-08,0.86626,2.27861,758.12,0.8930616091412417
TR-033770,Milwaukee,Fort Wayne,265.3,Reefer,29085.0,2025-08-01,1.08927,2.27969,236.48,0.8913682623445156
TR-018815,Milwaukee,Kansas City,177.6,Flatbed,32332.0,2025-04-29,1.30614,1.35177,157.76,0.8882882882882883
TR-042823,Houston,Savannah,862.6,Reefer,33187.0,2025-09-28,0.75039,2.45907,759.15,0.8800718757245536
TR-046980,San Francisco,Green Bay,2242.7,Reefer,20592.0,2025-10-25,0.88228,2.00185,1955.15,0.8717840103446739
TR-028783,Baton Rouge,Buffalo,1259.2,Reefer,47378.0,2025-06-30,1.15356,2.40963,1097.31,0.8714342439644218
TR-029467,Buffalo,Kansas City,805.8,Flatbed,41392.0,2025-07-05,1.20571,1.93255,702.09,0.8712956068503351
TR-006880,Jacksonville,Detroit,953.4,Flatbed,35077.0,2025-02-13,1.09665,2.08798,829.81,0.8703692049507027
TR-020578,Detroit,Phoenix,2355.2,Flatbed,43818.0,2025-05-10,1.21426,2.10106,2028.06,0.8610988451086957
TR-044312,Mobile,Houston,478.4,Dry Van,22177.0,2025-10-08,1.02633,1.88619,411.17,0.8594690635451506
TR-039307,Dayton,Charleston,606.0,Dry Van,47304.0,2025-09-06,0.88509,2.12121,519.57,0.8573762376237625
TR-033119,Toledo,New York,688.8,Flatbed,31483.0,2025-07-28,0.91265,2.02583,589.77,0.8562282229965157
TR-039359,Greensboro,Fort Wayne,460.7,Dry Van,21835.0,2025-09-06,0.86988,2.18058,394.42,0.8561319730844368
TR-011512,Detroit,Richmond,650.4,Dry Van,46875.0,2025-03-14,1.09094,2.05984,556.26,0.8552583025830258
TR-019041,Indianapolis,Cincinnati,180.5,Reefer,40210.0,2025-04-30,1.35001,1.09431,153.87,0.8524653739612189
TR-015989,Fort Wayne,Lexington,369.3,Flatbed,46559.0,2025-04-11,1.20631,1.66855,314.73,0.8522339561332251
TR-009675,Green Bay,Washington,759.0,Flatbed,28915.0,2025-03-03,0.93824,2.14887,646.48,0.8517523056653492
TR-013077,New York,Tulsa,1466.9,Reefer,30624.0,2025-03-24,1.07307,2.19381,1246.04,0.8494375894744017
TR-027180,Oklahoma City,Atlanta,872.2,Dry Van,30748.0,2025-06-20,1.33897,2.23595,737.32,0.8453565695941297
TR-017987,San Antonio,Columbia,1146.3,Reefer,41206.0,2025-04-23,1.31493,1.79788,968.87,0.8452150396929251
TR-003896,Shreveport,Mobile,303.5,Dry Van,31630.0,2025-01-25,0.89914,2.40964,256.13,0.8439209225700165
TR-031620,Albuquerque,Kansas City,1219.7,Dry Van,32660.0,2025-07-18,1.27246,2.07875,1025.42,0.8407149299007953
TR-045992,Memphis,Cincinnati,243.8,Dry Van,24807.0,2025-10-19,0.87436,1.69023,203.4,0.8342904019688269
TR-002841,Tampa,Chattanooga,568.4,Dry Van,24458.0,2025-01-18,0.88556,1.99159,472.64,0.8315270935960591
TR-039546,Bakersfield,Memphis,1787.5,Flatbed,42162.0,2025-09-07,0.83141,2.11675,1477.09,0.8263440559440559
TR-020991,Greensboro,Madison,646.6,Dry Van,39494.0,2025-05-13,1.29234,1.97767,532.08,0.8228889576244974
TR-019396,Richmond,Green Bay,826.0,Flatbed,28256.0,2025-05-02,1.35632,1.87286,675.83,0.8181961259079904
TR-036953,Greensboro,Tulsa,813.6,Reefer,29045.0,2025-08-22,1.00418,2.11112,664.28,0.8164700098328417
TR-010594,Mobile,Syracuse,1133.5,Reefer,40332.0,2025-03-09,0.98073,2.20001,924.04,0.8152095280105867
TR-043435,New York,Detroit,704.9,Dry Van,42448.0,2025-10-02,0.93671,2.12987,574.1,0.8144417647893318
TR-002041,Mobile,Dayton,677.3,Flatbed,35486.0,2025-01-13,0.83141,2.23972,550.66,0.8130222944042522
TR-014758,Savannah,Greensboro,221.1,Dry Van,36956.0,2025-04-03,1.25365,1.50647,178.71,0.8082767978290367
TR-009984,Amarillo,Atlanta,1250.7,Dry Van,40083.0,2025-03-05,1.1625,2.03301,1010.15,0.8076677060845926
TR-044556,Milwaukee,Greensboro,455.6,Dry Van,25324.0,2025-10-09,1.05617,1.95438,367.67,0.8070017559262511
TR-004076,Indianapolis,New Orleans,558.3,Reefer,27050.0,2025-01-26,0.83991,2.36408,450.2,0.8063765000895576
TR-004991,Milwaukee,Richmond,756.5,Dry Van,45542.0,2025-02-01,0.94409,2.0204,609.22,0.8053139458030404
TR-006796,Charleston,Greensboro,270.3,Flatbed,22726.0,2025-02-12,1.05218,2.36423,217.4,0.8042915279319275
TR-028996,Amarillo,Greensboro,1440.3,Flatbed,,2025-07-02,,2.03283,1156.87,0.8032146080677636
TR-002890,Tucson,Amarillo,622.6,Dry Van,19855.0,2025-01-19,0.78083,2.03819,498.79,0.8011403790555734
TR-046142,Charleston,Baton Rouge,939.7,Reefer,36569.0,2025-10-20,0.85054,1.77181,752.15,0.8004150260721506
TR-005901,Lexington,Richmond,572.2,Dry Van,40935.0,2025-02-07,1.06615,2.16834,456.05,0.7970115344285215
TR-016926,Lexington,Phoenix,2189.0,Dry Van,37555.0,2025-04-17,1.34579,2.16252,1741.73,0.7956738236637734
TR-044891,Shreveport,Cincinnati,546.7,Dry Van,40678.0,2025-10-12,0.85485,1.90393,432.52,0.7911468812877263
TR-043691,New York,Greensboro,693.1,Flatbed,23068.0,2025-10-04,0.93519,1.99175,548.16,0.7908815466743615
TR-038309,Fort Wayne,Raleigh,697.4,Dry Van,41506.0,2025-08-30,0.87702,2.23308,551.31,0.7905219386291941
TR-017024,Indianapolis,Amarillo,1100.7,Reefer,31218.0,2025-04-17,1.36283,1.7298,866.41,0.7871445443808485
TR-011398,Columbia,San Antonio,1166.2,Dry Van,40759.0,2025-03-14,1.14129,2.13376,917.22,0.7865031726976505
TR-001948,Baton Rouge,Buffalo,1305.0,Flatbed,41943.0,2025-01-13,0.81476,2.02024,1025.04,0.7854712643678161
TR-011364,Savannah,Charleston,190.5,Dry Van,,2025-03-14,1.09701,2.59577,148.72,0.7806824146981627
TR-024341,Fort Wayne,Greensboro,489.1,Dry Van,26214.0,2025-06-02,1.2046,2.24711,381.54,0.7800858720098139
TR-010960,Lubbock,San Antonio,122.6,Reefer,42648.0,2025-03-11,1.05748,3.30032,94.72,0.7725938009787928
TR-042800,Harrisburg,Tampa,1087.6,Dry Van,35101.0,2025-09-28,0.75633,2.02509,835.1,0.7678374402353807
TR-000191,Tampa,Milwaukee,919.8,Dry Van,33053.0,2025-01-02,1.01568,1.95414,704.89,0.7663513807349424
TR-047743,Atlanta,Nashville,136.8,Reefer,35204.0,2025-10-30,1.05978,0.95701,104.38,0.7630116959064327
TR-036174,Nashville,Oklahoma City,774.1,Reefer,41749.0,2025-08-17,0.90999,2.13179,590.4,0.7626921586358351
TR-032946,Tulsa,Houston,238.1,Dry Van,13478.0,2025-07-27,0.93427,1.70816,181.52,0.7623687526249475
TR-007209,Oklahoma City,Mobile,737.7,Dry Van,24563.0,2025-02-15,0.98735,2.07475,561.78,0.7615290768605123
TR-038329,Los Angeles,Mobile,1978.9,Dry Van,36514.0,2025-08-30,0.90808,1.78072,1501.74,0.758876143311941
TR-005449,Madison,Jacksonville,864.8,Dry Van,27218.0,2025-02-04,0.95413,1.96781,654.0,0.7562442183163738
TR-000295,Greensboro,Syracuse,685.6,Dry Van,30959.0,2025-01-02,1.00393,1.89033,518.31,0.7559947491248541
TR-003295,Columbia,Louisville,379.0,Reefer,23181.0,2025-01-21,0.97312,2.47136,286.44,0.755778364116095
TR-041721,Shreveport,Memphis,324.1,Dry Van,39393.0,2025-09-21,0.75365,2.48308,244.71,0.7550447392780006
TR-009807,Indianapolis,Richmond,801.8,Dry Van,33469.0,2025-03-04,1.02741,1.98125,602.49,0.7514218009478674
TR-021400,Memphis,Mobile,330.4,Flatbed,-23480.0,2025-05-15,1.39389,1.58442,247.37,0.7486985472154964
TR-007954,Philadelphia,Syracuse,394.2,Reefer,23272.0,2025-02-20,1.10826,2.33235,294.78,0.7477929984779299
TR-009978,Reno,Oklahoma City,1481.2,Flatbed,13543.0,2025-03-05,1.09439,2.00492,1105.27,0.7461990278152849
TR-042459,Kansas City,Mobile,639.9,Dry Van,20665.0,2025-09-26,0.88965,2.11938,476.98,0.745397718393499
TR-017982,Richmond,Phoenix,2738.2,Flatbed,7463.0,2025-04-23,1.32299,2.14561,2035.77,0.7434701628807246
TR-006035,Savannah,Dayton,582.3,Flatbed,26132.0,2025-02-07,1.0166,2.10446,432.56,0.7428473295552122
TR-011959,Madison,Chattanooga,549.5,Reefer,39665.0,2025-03-17,0.9895,2.4797,404.58,0.7362693357597816
TR-045555,Reno,Columbia,2294.2,Dry Van,25540.0,2025-10-16,1.01971,2.35968,1687.37,0.7354938540667771
TR-003583,Hartford,Greensboro,730.7,Reefer,24295.0,2025-01-23,1.01747,2.12391,535.63,0.7330368140139591
TR-023762,Green Bay,Mobile,1071.8,Dry Van,32186.0,2025-05-30,1.35819,2.04926,784.85,0.7322728120918083
TR-010636,Tucson,Phoenix,275.1,Dry Van,32063.0,2025-03-09,0.95247,2.30399,201.35,0.7319156670301707
TR-015612,Tucson,Lubbock,960.0,Dry Van,37435.0,2025-04-08,1.17488,2.05536,702.61,0.7318854166666667
TR-023486,Chattanooga,Grand Rapids,683.7,Dry Van,34674.0,2025-05-28,1.38292,1.91397,498.67,0.7293696065525815
TR-009138,Fort Wayne,Toledo,105.0,Reefer,35124.0,2025-02-28,1.09168,3.00438,76.54,0.728952380952381
TR-012737,Mobile,Richmond,952.2,Dry Van,29495.0,2025-03-22,1.07962,2.03471,692.79,0.7275677378701952
TR-003826,Washington,St. Louis,812.7,Reefer,31093.0,2025-01-25,0.93916,2.21997,589.73,0.7256429186661745
TR-018895,Milwaukee,Harrisburg,644.5,Dry Van,38805.0,2025-04-29,1.27586,1.99388,466.99,0.724577191621412
TR-036924,Philadelphia,Harrisburg,344.5,Dry Van,23862.0,2025-08-21,1.08416,2.10125,249.52,0.7242960812772133
TR-016644,Toledo,Jacksonville,789.6,Reefer,24741.0,2025-04-15,1.16766,1.89362,570.06,0.7219604863221883
TR-034753,Washington,Bakersfield,2565.3,Reefer,21224.0,2025-08-07,1.10531,2.12852,1830.62,0.7136085448095738
TR-029055,Hartford,Tucson,2781.7,Flatbed,38016.0,2025-07-02,1.36334,2.05533,1984.68,0.7134773699536255
TR-008204,Los Angeles,Philadelphia,2994.6,Flatbed,19439.0,2025-02-22,1.00997,1.81841,2134.82,0.7128898684298405
TR-001629,Oklahoma City,Greensboro,1121.4,Dry Van,36423.0,2025-01-11,0.88147,1.97611,796.19,0.7099964330301409
TR-024785,New Orleans,Bakersfield,1656.1,Dry Van,44344.0,2025-06-05,1.38666,2.09024,1175.34,0.7097035203188213
TR-007772,Oklahoma City,Mobile,703.0,Dry Van,28974.0,2025-02-19,1.09014,2.17192,497.44,0.7075960170697013
TR-010958,Houston,Bakersfield,1473.0,Dry Van,20512.0,2025-03-11,1.1195,1.87795,1040.33,0.7062661235573658
TR-046916,Bakersfield,Salt Lake City,274.4,Flatbed,16602.0,2025-10-25,0.90403,1.66533,193.34,0.7045918367346939
TR-033550,Phoenix,Madison,1990.3,Dry Van,31887.0,2025-07-30,1.1082,2.35381,1398.59,0.702703110083907
TR-012955,Greensboro,Baton Rouge,810.6,Dry Van,17924.0,2025-03-24,1.02984,2.03565,569.32,0.7023439427584506
TR-001352,Tulsa,Tucson,1260.0,Dry Van,10913.0,2025-01-09,1.03206,1.91751,882.08,0.700063492063492
TR-000440,Richmond,Charleston,394.9,Dry Van,14768.0,2025-01-03,0.93596,2.07056,276.27,0.699594834135224
TR-021391,Lexington,Bakersfield,2102.3,Reefer,24192.0,2025-05-15,1.42676,2.02086,1467.67,0.6981258621509775
TR-047899,Syracuse,Grand Rapids,559.2,Dry Van,45220.0,2025-10-31,0.99677,1.94876,389.18,0.6959585121602289
TR-007332,Lubbock,Toledo,1387.1,Reefer,18072.0,2025-02-16,0.96801,2.08796,961.66,0.6932881551438252
TR-004268,Corpus Christi,Milwaukee,1031.1,Reefer,40382.0,2025-01-27,0.86166,2.33205,714.71,0.6931529434584426
TR-031788,Madison,San Francisco,2021.3,Dry Van,35240.0,2025-07-19,1.17837,2.20245,1398.67,0.6919655667144907
TR-021896,New York,Raleigh,452.1,Dry Van,25652.0,2025-05-18,1.19553,1.92186,312.45,0.6911081619110816
TR-004543,Phoenix,Tucson,262.9,Reefer,22767.0,2025-01-29,1.01034,2.63781,181.56,0.6906047926968429
TR-003253,Cincinnati,Syracuse,768.2,Flatbed,28975.0,2025-01-21,0.94296,2.06353,528.37,0.6878026555584483
TR-012923,Charleston,Green Bay,959.1,Dry Van,17709.0,2025-03-23,0.96524,1.81558,656.75,0.6847565425920134
TR-009123,Memphis,Dallas,453.8,Reefer,43531.0,2025-02-28,1.09573,2.63913,310.39,0.683979726751873
TR-045258,Shreveport,Providence,1566.2,Dry Van,26392.0,2025-10-14,0.95762,2.29356,1068.71,0.6823585748946495
TR-047840,Corpus Christi,Madison,1139.5,Dry Van,35584.0,2025-10-31,0.99829,2.08148,772.61,0.6780254497586661
TR-001490,Chattanooga,Houston,647.0,Dry Van,37165.0,2025-01-10,0.95286,2.19564,438.53,0.6777897990726429
TR-036961,Baton Rouge,Phoenix,1641.0,Reefer,41326.0,2025-08-22,0.98632,2.11313,1109.67,0.6762157221206582
TR-007985,Kansas City,Los Angeles,1878.5,Dry Van,35856.0,2025-02-20,1.15977,1.89524,1268.13,0.6750758583976577
TR-014991,Los Angeles,Phoenix,93.9,Reefer,32284.0,2025-04-05,1.1229,1.06179,63.36,0.6747603833865814
TR-042514,Philadelphia,Tulsa,1497.7,Flatbed,23823.0,2025-09-26,0.92057,2.15682,1005.85,0.6715964478867597
TR-037314,Philadelphia,Savannah,759.6,Dry Van,22839.0,2025-08-24,0.8647,1.71124,509.3,0.6704844655081622
TR-018163,Mobile,Phoenix,1912.9,Reefer,31324.0,2025-04-25,1.34225,1.93084,1282.13,0.6702545872758638
TR-031294,Montgomery,Providence,1202.4,Dry Van,33688.0,2025-07-16,1.2901,2.13496,804.91,0.669419494344644
TR-021436,Tucson,Birmingham,1824.3,Dry Van,28676.0,2025-05-16,1.35397,2.25138,1216.1,0.6666118511209779
TR-042259,New York,St. Louis,1028.1,Dry Van,31168.0,2025-09-24,0.95154,1.93661,681.3,0.6626787277502189
TR-003533,Jacksonville,Little Rock,569.1,Dry Van,36052.0,2025-01-23,1.02469,2.1587,376.8,0.6620980495519241
TR-003687,San Antonio,Charleston,1355.4,Reefer,23543.0,2025-01-24,0.99648,2.17777,895.28,0.6605282573410063
TR-010122,Kansas City,Fort Wayne,385.1,Dry Van,20310.0,2025-03-06,1.15452,2.13297,253.42,0.658062840820566
TR-040300,Raleigh,Fort Wayne,704.6,Reefer,26774.0,2025-09-12,0.95939,2.28771,461.77,0.6553647459551518
TR-016041,Las Vegas,Mobile,1826.7,Dry Van,38387.0,2025-04-11,1.21456,2.16057,1193.79,0.6535227459352931
TR-001161,Tucson,Oklahoma City,1012.6,Reefer,29209.0,2025-01-08,0.97099,2.24741,659.89,0.6516788465336757
TR-007691,Syracuse,Los Angeles,2810.2,Dry Van,24949.0,2025-02-18,0.97362,1.63687,1816.76,0.6464877944630276
TR-035015,Syracuse,Oklahoma City,1638.5,Flatbed,34982.0,2025-08-09,1.03057,2.15316,1056.79,0.6449740616417454
TR-037201,Milwaukee,Richmond,766.9,Flatbed,29227.0,2025-08-23,0.96848,2.2207,494.37,0.6446342417525102
TR-018296,Reno,Savannah,2396.8,Dry Van,11146.0,2025-04-25,1.34427,2.40356,1535.71,0.6407334779706275
TR-040874,Bakersfield,Baltimore,2897.4,Reefer,25930.0,2025-09-16,0.86474,1.98679,1843.92,0.6364050528059639
TR-038001,Toledo,Shreveport,892.1,Reefer,41161.0,2025-08-28,1.03964,2.28327,566.92,0.6354892949220938
TR-022004,San Francisco,Greensboro,2524.6,Dry Van,42763.0,2025-05-19,1.21176,2.20569,1604.14,0.6354036282975521
TR-015021,Syracuse,Richmond,382.8,Reefer,35838.0,2025-04-05,1.10893,1.63172,242.29,0.6329414838035528
TR-013980,Columbia,Kansas City,652.7,Reefer,40202.0,2025-03-30,0.99223,2.45209,411.96,0.6311628619580204
TR-020874,Nashville,Shreveport,373.5,Reefer,42747.0,2025-05-12,1.21931,1.26433,235.49,0.6304953145917002
TR-004319,Columbia,Richmond,508.8,Dry Van,29842.0,2025-01-28,0.92699,2.04543,319.87,0.6286753144654088
TR-012517,San Antonio,Phoenix,1240.8,Reefer,21006.0,2025-03-21,1.17202,2.24995,777.32,0.6264667956157318
TR-029478,Bakersfield,Milwaukee,1844.1,Reefer,24902.0,2025-07-05,1.21119,2.14655,1148.65,0.6228783688520146
TR-037897,Oklahoma City,Green Bay,1273.8,Dry Van,28848.0,2025-08-28,1.02376,1.60083,784.94,0.616219186685508
TR-043674,Milwaukee,Los Angeles,2071.4,Flatbed,44838.0,2025-10-04,0.90021,1.99833,1274.95,0.6155015931254224
TR-005263,San Antonio,Boston,2059.5,Dry Van,22604.0,2025-02-03,0.8835,1.72398,1261.24,0.6124010682204418
TR-025885,Fort Wayne,Atlanta,538.9,Reefer,26147.0,2025-06-12,1.40623,2.53308,329.96,0.6122842827982928
TR-040049,New York,Los Angeles,2887.9,Flatbed,31240.0,2025-09-10,0.97974,1.93114,1758.37,0.6088749610443575
TR-046063,Tucson,Phoenix,273.9,Reefer,31724.0,2025-10-19,0.86925,1.50695,166.3,0.6071558963125229
TR-023803,Amarillo,Phoenix,895.0,Reefer,15353.0,2025-05-30,1.3516,1.82833,542.84,0.6065251396648045
TR-011577,Richmond,Indianapolis,772.2,Dry Van,25922.0,2025-03-15,1.05069,2.01109,468.29,0.6064361564361564
TR-040274,Lubbock,New Orleans,581.3,Dry Van,28687.0,2025-09-12,0.96894,2.35015,352.31,0.6060725959057286
TR-024159,Charleston,San Francisco,2813.6,Flatbed,47500.0,2025-06-01,1.19225,2.11177,1701.75,0.6048301108899631
TR-020116,Tucson,El Paso,305.0,Dry Van,41168.0,2025-05-07,1.38915,1.65634,184.26,0.6041311475409836
TR-045022,Jacksonville,Reno,2304.8,Flatbed,32119.0,2025-10-12,0.89358,2.16823,1384.9,0.6008764317945158
TR-011094,Syracuse,Phoenix,2778.7,Reefer,24563.0,2025-03-12,1.16146,1.92735,1669.29,0.6007449526757117
TR-012547,Milwaukee,Albany,1148.9,Reefer,6883.0,2025-03-21,1.15272,2.08912,689.02,0.5997214727130298
TR-023295,Washington,Chattanooga,716.9,Reefer,27394.0,2025-05-27,1.28217,1.80745,427.41,0.5961919375087181
TR-005913,Nashville,Milwaukee,359.9,Dry Van,43226.0,2025-02-07,1.01303,2.35814,214.55,0.5961378160600167
TR-032580,Baton Rouge,San Antonio,422.8,Flatbed,34405.0,2025-07-24,1.30064,1.42728,252.03,0.5960974456007568
TR-024102,Fort Wayne,El Paso,1722.1,Reefer,11753.0,2025-06-01,1.26644,2.09874,1024.2,0.5947389814761048
TR-040775,Oklahoma City,Jacksonville,976.3,Reefer,30645.0,2025-09-15,0.82096,2.28511,575.21,0.5891734098125577
TR-016128,Albuquerque,Atlanta,1580.8,Dry Van,19296.0,2025-04-12,1.11437,2.31178,927.08,0.5864625506072875
TR-008156,Chattanooga,Grand Rapids,658.9,Reefer,28190.0,2025-02-21,1.08344,2.36828,383.23,0.5816208832903325
TR-044176,Raleigh,Milwaukee,796.6,Flatbed,29959.0,2025-10-07,0.96635,2.00347,463.05,0.5812829525483304
TR-041987,El Paso,Shreveport,1230.8,Dry Van,22108.0,2025-09-23,0.85348,1.96525,711.03,0.5776974325641859
TR-020544,Kansas City,Boston,1317.7,Dry Van,28268.0,2025-05-09,1.35335,2.16408,756.4,0.5740305077028155
TR-039559,Cincinnati,Kansas City,346.4,Dry Van,40343.0,2025-09-07,0.84218,2.41022,198.16,0.5720554272517321
TR-016760,Baton Rouge,Oklahoma City,433.0,Reefer,43896.0,2025-04-16,1.35586,1.27628,246.8,0.5699769053117784
TR-004987,Richmond,Raleigh,256.2,Reefer,23363.0,2025-02-01,0.92543,2.51865,145.34,0.5672911787665886
TR-008052,Chattanooga,Kansas City,418.6,Reefer,38164.0,2025-02-21,1.09305,2.64311,236.63,0.5652890587673196
TR-000051,Los Angeles,Green Bay,2202.5,Reefer,26740.0,2025-01-01,1.00748,1.86794,1243.45,0.5645629965947787
TR-035450,Syracuse,Tulsa,1343.8,Dry Van,31149.0,2025-08-12,0.98711,2.07132,753.64,0.560827504092871
TR-019752,Indianapolis,Dayton,253.4,Reefer,29820.0,2025-05-04,1.21155,1.45203,141.81,0.559629044988161
TR-003996,Bakersfield,Jacksonville,2185.6,Reefer,16709.0,2025-01-26,0.85549,1.88893,1220.91,0.5586154831625184
TR-019113,Tucson,Bakersfield,327.7,Dry Van,41215.0,2025-05-01,1.39636,1.58672,182.42,0.5566676838571865
TR-003527,Buffalo,Louisville,660.4,Flatbed,39385.0,2025-01-23,1.05663,2.26027,366.62,0.5551483949121745
TR-024432,Atlanta,Montgomery,311.9,Reefer,19557.0,2025-06-03,1.2358,2.64652,172.72,0.5537672330875281
TR-047702,Atlanta,Richmond,670.3,Flatbed,22559.0,2025-10-30,1.03804,1.92827,370.24,0.552349694166791
TR-019671,Little Rock,St. Louis,382.7,Flatbed,27167.0,2025-05-04,1.235,1.64217,210.11,0.549020120198589
TR-031746,Milwaukee,Hartford,1048.1,Reefer,41735.0,2025-07-19,1.16038,1.86385,573.13,0.5468275927869478
TR-012925,Madison,Grand Rapids,257.1,Reefer,35954.0,2025-03-23,1.03138,2.74112,140.36,0.5459354336833917
TR-005962,Grand Rapids,Green Bay,105.5,Dry Van,24598.0,2025-02-07,1.02929,2.4108,57.22,0.5423696682464455
TR-004159,Shreveport,Tampa,502.6,Dry Van,20946.0,2025-01-27,0.83293,2.14785,272.58,0.5423398328690807
TR-027101,Grand Rapids,New Orleans,965.2,Dry Van,28042.0,2025-06-20,1.35638,2.08372,519.02,0.5377331123083299
TR-046778,Hartford,Atlanta,1001.8,Dry Van,41352.0,2025-10-24,1.00102,2.0499,537.57,0.5366041125973249
TR-034418,Dayton,Raleigh,650.8,Flatbed,38508.0,2025-08-05,1.02125,2.04717,349.06,0.5363552550706823
TR-039656,Fort Wayne,Tucson,1939.9,Dry Van,21852.0,2025-09-08,0.78543,1.78484,1039.33,0.5357647301407289
TR-017824,Memphis,Toledo,621.3,Dry Van,21526.0,2025-04-22,1.24692,2.00189,332.23,0.5347336230484468
TR-007376,Tampa,Fresno,2266.3,Flatbed,22879.0,2025-02-16,0.88669,1.88591,1206.18,0.5322243304063893
TR-003563,Corpus Christi,Raleigh,1367.0,Flatbed,20007.0,2025-01-23,1.02147,2.02935,726.74,0.5316313094367228
TR-037876,Albany,Dallas,1750.1,Dry Van,23786.0,2025-08-28,1.07053,2.03824,929.34,0.5310210845094566
TR-035282,Atlanta,Baton Rouge,575.9,Flatbed,25487.0,2025-08-11,0.90228,1.96835,305.68,0.5307865948949471
TR-002203,Raleigh,Las Vegas,2554.1,Dry Van,12813.0,2025-01-14,0.91117,1.6792,1347.3,0.5275047962100152
TR-003683,Richmond,Montgomery,835.3,Dry Van,31528.0,2025-01-24,1.01878,1.94274,439.13,0.525715311864001
TR-018720,Atlanta,Richmond,676.8,Dry Van,46876.0,2025-04-28,1.18887,1.98701,354.14,0.5232565011820332
TR-003756,Boston,Amarillo,2313.7,Reefer,36395.0,2025-01-24,0.97207,2.07511,1209.46,0.5227384708475602
TR-030706,Hartford,New York,114.4,Dry Van,25901.0,2025-07-12,1.22535,1.49168,59.68,0.5216783216783216
TR-012448,Washington,Kansas City,867.4,Dry Van,47500.0,2025-03-20,1.19058,2.12409,452.04,0.52114364768273
TR-007040,Boston,Harrisburg,538.6,Flatbed,38263.0,2025-02-14,1.07218,2.25122,277.63,0.5154660230226513
TR-015559,Albany,Richmond,606.3,Reefer,45173.0,2025-04-08,1.11143,1.85242,312.19,0.51491011050635
TR-034941,Kansas City,Mobile,654.6,Dry Van,31047.0,2025-08-08,1.05115,1.73699,337.03,0.5148640391078521
TR-013198,Bakersfield,Cincinnati,1999.4,Flatbed,47500.0,2025-03-25,1.05896,2.2469,1028.16,0.5142342702810844
TR-010058,Grand Rapids,Baltimore,927.2,Reefer,25675.0,2025-03-05,1.08725,2.13801,475.9,0.5132657463330457
TR-029811,New Orleans,Cincinnati,514.2,Dry Van,32968.0,2025-07-07,1.15254,1.82656,263.32,0.512096460521198
TR-044983,Richmond,Fort Wayne,612.5,Reefer,38633.0,2025-10-12,0.85793,1.74513,313.05,0.5111020408163266
TR-044015,Atlanta,Richmond,663.0,Dry Van,25537.0,2025-10-06,0.90089,2.08144,337.89,0.5096380090497737
TR-024598,Detroit,Houston,1258.3,Dry Van,16925.0,2025-06-04,1.32386,1.90999,640.81,0.5092664706349836
TR-036101,Providence,Columbia,936.6,Dry Van,25497.0,2025-08-16,0.96359,2.22465,474.97,0.5071215033098442
TR-007423,Tampa,Buffalo,1197.2,Flatbed,37528.0,2025-02-16,0.9376,2.01921,605.11,0.5054376879385232
TR-004675,Hartford,Baltimore,149.3,Reefer,27506.0,2025-01-30,1.03157,2.76994,75.19,0.503616878767582
TR-013876,Columbia,Hartford,833.4,Dry Van,26123.0,2025-03-29,1.05998,2.00499,415.91,0.49905207583393335
TR-034058,Little Rock,Oklahoma City,478.6,Reefer,23841.0,2025-08-03,0.91352,1.96904,238.78,0.49891349770162974
TR-004764,Grand Rapids,Baton Rouge,1113.4,Reefer,21997.0,2025-01-31,0.98295,2.08473,553.77,0.4973684210526315
TR-018071,Madison,Memphis,514.6,Reefer,31110.0,2025-04-24,1.3785,1.50615,254.8,0.49514185775359504
TR-036644,Dayton,Mobile,696.0,Dry Van,24296.0,2025-08-20,1.07349,2.01726,342.72,0.4924137931034483
TR-031730,Milwaukee,Grand Rapids,341.6,Dry Van,27532.0,2025-07-19,1.22283,1.79905,167.63,0.49072014051522245
TR-047657,Memphis,Philadelphia,1125.7,Reefer,28166.0,2025-10-30,1.02381,1.90722,552.14,0.49048591987207957
TR-022061,Amarillo,Mobile,1105.6,Reefer,31274.0,2025-05-19,1.18423,1.77215,539.41,0.48788892908827786
TR-001028,Dallas,Fort Wayne,970.6,Dry Van,30362.0,2025-01-07,0.90312,1.88725,473.34,0.4876777251184834
TR-026575,Tampa,Detroit,1253.0,Reefer,30010.0,2025-06-17,1.2985,2.32021,605.83,0.4835035913806864
TR-022549,Los Angeles,Bakersfield,391.7,Dry Van,39737.0,2025-05-23,1.38729,1.82836,189.33,0.48335460811845804
TR-018417,Reno,Phoenix,883.1,Dry Van,28209.0,2025-04-26,1.21598,2.24095,426.62,0.4830936473785528
TR-023403,Atlanta,San Antonio,944.8,Reefer,,2025-05-28,1.38569,1.58957,454.9,0.48147756138865366
TR-044271,Columbia,Kansas City,652.1,Reefer,-21645.0,2025-10-08,1.02988,1.78127,313.15,0.4802177580125747
TR-015395,Richmond,Louisville,685.5,Flatbed,31767.0,2025-04-07,1.06928,1.95659,328.37,0.47902261123267686
TR-017815,Charleston,Kansas City,855.0,Dry Van,31531.0,2025-04-22,1.24029,1.99483,409.48,0.47892397660818714
TR-041307,Columbia,Houston,847.3,Dry Van,38318.0,2025-09-18,0.96233,2.27008,405.1,0.47810692788858733
TR-002269,Atlanta,Providence,1137.6,Reefer,29401.0,2025-01-15,0.99425,2.14718,543.71,0.4779447960618847
TR-035228,Nashville,Charleston,564.7,Flatbed,37839.0,2025-08-10,0.91946,1.82882,268.64,0.47572162210023017
TR-010386,Philadelphia,Tucson,2725.3,Dry Van,33625.0,2025-03-07,1.11218,1.86147,1294.91,0.4751440208417422
TR-017081,Grand Rapids,Memphis,669.5,Dry Van,30823.0,2025-04-18,1.31225,2.01271,318.08,0.47510082150858846
TR-035476,Bakersfield,New York,2832.5,Reefer,26339.0,2025-08-12,1.02816,2.10956,1345.5,0.47502206531332747
TR-045834,Amarillo,Greensboro,1478.5,Reefer,7483.0,2025-10-18,,1.94687,700.21,0.4735948596550558
TR-020759,Richmond,Oklahoma City,1513.7,Dry Van,24586.0,2025-05-11,1.15383,2.22958,715.74,0.4728413820439981
TR-036655,Los Angeles,Columbia,2328.0,Dry Van,33061.0,2025-08-20,1.07686,2.2427,1098.68,0.4719415807560138
TR-000873,Cincinnati,Lexington,144.0,Dry Van,13535.0,2025-01-06,0.76351,2.35079,67.8,0.4708333333333333
TR-024590,Chattanooga,Grand Rapids,659.5,Dry Van,26998.0,2025-06-04,1.36472,2.13851,309.35,0.46906747536012133
TR-040174,Salt Lake City,Reno,521.0,Flatbed,45205.0,2025-09-11,1.02504,2.41694,244.05,0.468426103646833
TR-034367,Oklahoma City,Mobile,724.2,Flatbed,28429.0,2025-08-04,0.99407,1.88748,338.67,0.4676470588235294
TR-030342,Atlanta,Reno,2086.4,Reefer,29392.0,2025-07-10,1.31695,1.95482,975.29,0.46745111196319017
TR-024282,Fresno,Tampa,2276.5,Reefer,33529.0,2025-06-02,1.24285,2.203,1061.17,0.46614100593015595
TR-038591,Greensboro,Jacksonville,365.7,Flatbed,29207.0,2025-09-01,0.86795,2.46188,170.36,0.4658463221219579
TR-039785,Green Bay,El Paso,1674.6,Dry Van,32548.0,2025-09-09,0.89332,1.87674,776.5,0.46369282216648755
TR-016400,Salt Lake City,Hartford,2618.1,Flatbed,-36738.0,2025-04-14,1.09914,2.17998,1211.76,0.4628394637332417
TR-026687,Lexington,Providence,1022.1,Dry Van,32633.0,2025-06-17,1.28341,2.06578,472.85,0.4626259661481264
TR-019898,El Paso,Lubbock,788.3,Dry Van,32845.0,2025-05-05,1.23684,1.9059,363.91,0.4616389699353039
TR-029056,El Paso,Indianapolis,1450.0,Dry Van,16574.0,2025-07-02,1.31334,2.16603,667.86,0.46059310344827586
TR-015749,Lexington,Phoenix,2205.5,Dry Van,39482.0,2025-04-09,1.22605,2.25464,1006.74,0.4564679211063251
TR-030321,El Paso,Dayton,1691.6,Dry Van,23483.0,2025-07-10,1.36662,2.21696,768.57,0.4543449988176875
TR-047539,St. Louis,New York,1041.1,Dry Van,20785.0,2025-10-29,1.07407,2.24529,472.91,0.4542407069445779
TR-018893,Charleston,Shreveport,836.3,Flatbed,28123.0,2025-04-29,1.28482,1.80256,379.59,0.4538921439674758
TR-011237,Columbia,Lexington,228.3,Dry Van,22221.0,2025-03-13,1.18576,2.4867,103.15,0.4518177836180464
TR-033257,Albuquerque,Bakersfield,524.7,Dry Van,36817.0,2025-07-29,1.01948,1.84798,237.05,0.45178197064989517
TR-044671,Tampa,Baton Rouge,444.7,Dry Van,22553.0,2025-10-10,0.99589,1.83416,200.31,0.45043849786372836
TR-023776,Kansas City,Reno,1678.0,Dry Van,28419.0,2025-05-30,1.385,2.19945,751.94,0.4481168057210966
TR-046400,Indianapolis,Madison,276.6,Dry Van,37250.0,2025-10-21,0.96998,1.69163,123.32,0.44584237165582064
TR-021924,Corpus Christi,Syracuse,1694.9,Dry Van,18200.0,2025-05-19,1.22762,2.19836,753.25,0.4444214997934981
TR-018955,Cincinnati,St. Louis,228.7,Dry Van,25262.0,2025-04-29,1.25876,1.70432,101.63,0.4443812855268911
TR-010600,Greensboro,Charleston,284.9,Dry Van,28139.0,2025-03-09,0.9585,2.28552,126.54,0.4441558441558442
TR-019008,Lubbock,Los Angeles,1219.3,Reefer,23183.0,2025-04-30,1.38056,1.81617,539.3,0.4423029607151644
TR-033061,Greensboro,Grand Rapids,640.5,Flatbed,33094.0,2025-07-27,0.9499,1.88583,282.54,0.4411241217798595
TR-031019,Lexington,Bakersfield,2107.3,Dry Van,26004.0,2025-07-14,1.17679,2.30247,926.82,0.43981397997437477
TR-003171,Providence,Memphis,1316.8,Dry Van,41734.0,2025-01-20,0.87632,1.91182,579.12,0.4397934386391252
TR-038243,Columbia,Cincinnati,330.1,Dry Van,15481.0,2025-08-30,0.92358,2.12584,144.92,0.43901847924871246
TR-029239,Little Rock,Richmond,1034.4,Dry Van,25384.0,2025-07-03,1.36985,2.03309,452.41,0.4373646558391338
TR-042033,Kansas City,Baton Rouge,737.8,Reefer,15474.0,2025-09-23,0.86526,2.35965,322.34,0.43689346706424503
TR-045060,Raleigh,Columbia,420.9,Reefer,29726.0,2025-10-13,0.83227,1.72737,183.77,0.4366120218579235
TR-019063,Indianapolis,Philadelphia,1020.2,Dry Van,21179.0,2025-04-30,1.35767,2.22424,444.74,0.43593413056263475
TR-027685,Greensboro,Baton Rouge,787.7,Dry Van,26190.0,2025-06-23,1.21148,2.18397,341.54,0.4335914688333122
TR-011598,Shreveport,Philadelphia,1367.4,Dry Van,27624.0,2025-03-15,1.05589,1.92453,592.81,0.43353078835746667
TR-034515,Oklahoma City,Montgomery,896.7,Dry Van,23446.0,2025-08-05,1.00182,1.96339,387.41,0.4320397011263522
TR-047504,Bakersfield,Montgomery,2063.5,Reefer,18258.0,2025-10-29,1.00768,2.06983,880.04,0.4264792827719893
TR-046260,Hartford,Savannah,829.2,Dry Van,32086.0,2025-10-20,0.84655,2.06317,352.82,0.4254944524843222
TR-046671,Grand Rapids,Tucson,2021.2,Dry Van,38462.0,2025-10-23,0.99657,2.22763,849.97,0.4205274094597269
TR-010863,Toledo,Albuquerque,1642.3,Reefer,26505.0,2025-03-10,0.98754,1.97065,690.15,0.42023381842537905
TR-009716,Grand Rapids,Columbia,737.1,Dry Van,27572.0,2025-03-03,0.97203,1.95862,308.14,0.41804368471035136
TR-027841,Baton Rouge,Phoenix,1688.9,Dry Van,20304.0,2025-06-24,1.26086,1.93421,704.57,0.4171768606785482
TR-028775,St. Louis,Corpus Christi,897.7,Dry Van,36360.0,2025-06-30,1.19417,2.27388,372.08,0.41448145260109165
TR-041368,Houston,Fort Wayne,1044.3,Dry Van,28465.0,2025-09-19,0.94855,2.0227,432.04,0.41371253471224745
TR-019803,Chattanooga,Fort Wayne,512.4,Dry Van,29395.0,2025-05-05,1.16754,1.91173,211.1,0.41198282591725216
TR-035590,Oklahoma City,Mobile,735.2,Dry Van,35164.0,2025-08-13,1.04028,1.98489,302.81,0.4118743199129488
TR-012059,Cincinnati,Los Angeles,2151.7,Reefer,38264.0,2025-03-18,1.06251,2.12013,885.88,0.41171166984245017
TR-033586,Fresno,Los Angeles,416.2,Dry Van,27451.0,2025-07-31,1.13066,1.87245,171.28,0.4115329168668909
TR-044215,Nashville,Tucson,1770.0,Dry Van,27030.0,2025-10-07,0.96364,2.20342,725.75,0.41002824858757064
TR-037427,Las Vegas,Baton Rouge,1552.6,Dry Van,33274.0,2025-08-25,0.91878,1.89405,633.84,0.4082442354759758
TR-027639,Bakersfield,Lexington,2096.5,Dry Van,34288.0,2025-06-23,1.19514,1.99152,854.19,0.40743620319580254
TR-017603,Fort Wayne,Philadelphia,807.7,Flatbed,11761.0,2025-04-21,1.18144,2.00233,328.89,0.40719326482604923
TR-004795,Buffalo,Corpus Christi,1522.6,Flatbed,25406.0,2025-01-31,1.02485,1.94352,617.89,0.4058124261132274
TR-045425,Mobile,Boston,1402.1,Flatbed,41610.0,2025-10-15,1.00826,1.95345,568.26,0.4052920619071393
TR-046179,Philadelphia,Houston,1589.7,Dry Van,32848.0,2025-10-20,0.90507,2.21539,643.58,0.40484368119771025
TR-043705,New York,Austin,1943.2,Reefer,37091.0,2025-10-04,0.92669,1.95753,785.33,0.40414265129682997
TR-022522,Salt Lake City,Green Bay,1732.9,Dry Van,22920.0,2025-05-22,1.35756,2.32433,698.43,0.40304114490160997
TR-023605,San Francisco,Grand Rapids,2308.9,Reefer,23874.0,2025-05-29,1.41726,2.04136,930.2,0.40287582831651436
TR-044693,New York,Milwaukee,914.1,Dry Van,17572.0,2025-10-10,1.07095,2.12622,362.69,0.3967727819713379
TR-015156,El Paso,Detroit,1866.5,Dry Van,34885.0,2025-04-06,1.03645,2.29963,731.82,0.39208143584248595
TR-005683,Savannah,Reno,2323.1,Flatbed,44252.0,2025-02-05,1.05019,1.96689,908.76,0.39118419353450135
TR-018560,Dayton,Baton Rouge,880.2,Dry Van,30266.0,2025-04-27,1.18703,2.1086,342.22,0.3887980004544422
TR-023560,Reno,Jacksonville,2282.9,Dry Van,20130.0,2025-05-29,1.39203,2.38088,885.49,0.3878794515747514
TR-035103,San Francisco,Baton Rouge,2052.0,Dry Van,47500.0,2025-08-09,0.96072,1.96295,795.36,0.38760233918128656
TR-005051,Raleigh,Reno,2642.3,Reefer,35325.0,2025-02-01,,1.90434,1020.7,0.38629224539227186
TR-024040,Baton Rouge,Fort Wayne,1021.1,Dry Van,31503.0,2025-06-01,1.19582,2.10851,393.6,0.38546665360885324
TR-031963,Columbia,Reno,2254.9,Flatbed,28843.0,2025-07-20,1.0984,2.2141,858.34,0.38065546143953166
TR-029459,Los Angeles,Syracuse,2922.2,Dry Van,22295.0,2025-07-05,1.19915,2.45808,1106.28,0.3785777838614742
TR-001556,El Paso,New York,2415.0,Dry Van,39284.0,2025-01-10,0.97093,1.83237,911.44,0.377407867494824
TR-022465,Kansas City,Los Angeles,1909.1,Dry Van,32899.0,2025-05-22,1.41012,2.09782,709.46,0.37162013514221365
TR-022459,Salt Lake City,Mobile,1632.3,Dry Van,-32048.0,2025-05-22,1.43189,2.10748,599.77,0.36743858359370213
TR-040601,Fort Wayne,Phoenix,2210.6,Dry Van,24954.0,2025-09-14,0.78281,1.72726,808.74,0.36584637654935315
TR-002512,Buffalo,San Antonio,1644.3,Flatbed,22022.0,2025-01-16,0.99936,1.87307,596.04,0.3624885969713556
TR-000509,Las Vegas,Grand Rapids,1976.4,Flatbed,28233.0,2025-01-04,0.86314,1.82202,699.41,0.35388079336166767
TR-046174,Philadelphia,El Paso,2490.9,Dry Van,22411.0,2025-10-20,0.87879,2.40555,880.13,0.35333815086916376
TR-023044,Phoenix,Philadelphia,2983.4,Dry Van,37692.0,2025-05-26,1.16832,2.31695,1047.91,0.3512468995106255
TR-025799,Albany,Reno,2894.3,Dry Van,32383.0,2025-06-12,1.33841,1.87999,969.83,0.33508274885119027
TR-014103,Buffalo,Bakersfield,2536.4,Dry Van,27044.0,2025-03-30,1.03395,1.77264,846.42,0.33370919413341743
