load_id,pickup,delivery,distance,equipment,weight,date,market_index,quote_signal,posted_rate,baseline_predicted_rate,residual,absolute_residual,residual_pct,residual_modified_z,residual_anomaly_flag,extreme_relative_error_flag,strong_target_anomaly_candidate
TR-012185,Bakersfield,Hartford,2829.8,Dry Van,33153.0,2025-03-19,1.16556,1.83188,25533.0,5409.434080849488,20123.56591915051,20123.56591915051,3.7200870956893777,157.7226629049086,True,True,True
TR-037765,Phoenix,Syracuse,2810.9,Dry Van,33674.0,2025-08-27,1.04877,2.16284,24294.98,5374.394028704977,18920.585971295022,18920.585971295022,3.520505915688165,148.30340446653375,True,True,True
TR-026236,Charleston,Phoenix,2552.5,Dry Van,25665.0,2025-06-15,1.20224,1.81289,23580.42,4895.327918962045,18685.092081037954,18685.092081037954,3.816923480991187,146.45950190029075,True,True,True
TR-001467,Los Angeles,Syracuse,2786.0,Reefer,30322.0,2025-01-10,0.98678,1.8537,24140.21,5614.40649239002,18525.80350760998,18525.80350760998,3.2996904539634886,145.21228224208048,True,True,True
TR-028220,Tucson,Raleigh,2423.3,Dry Van,30972.0,2025-06-27,1.32894,1.97112,22755.66,4655.794864090579,18099.865135909422,18099.865135909422,3.887599360425191,141.8772111887182,True,True,True
TR-017372,Reno,Philadelphia,2777.6,Reefer,33158.0,2025-04-20,1.1507,2.15601,23662.71,5598.833135881348,18063.87686411865,18063.87686411865,3.2263645702088066,141.59542525092925,True,True,True
TR-003354,Phoenix,Charleston,2527.9,Reefer,36840.0,2025-01-22,1.03241,2.07342,22534.65,5135.896573950969,17398.753426049032,17398.753426049032,3.3876759735183746,136.3875499511236,True,True,True
TR-040097,Baltimore,Oklahoma City,1760.3,Reefer,29521.0,2025-09-11,1.00464,2.28753,20132.37,3712.7884244204924,16419.581575579505,16419.581575579505,4.422439336316973,128.7206950450249,True,True,True
TR-040172,Montgomery,Fresno,2283.4,Dry Van,32447.0,2025-09-11,0.98502,1.93645,20361.89,4396.424319380685,15965.465680619314,15965.465680619314,3.6314660553211424,125.16499573081013,True,True,True
TR-031260,Oklahoma City,Baltimore,1747.7,Reefer,28876.0,2025-07-16,1.34103,1.80406,19042.39,3689.4283896574857,15352.961610342514,15352.961610342514,4.161338827819838,120.3691268197959,True,True,True
TR-034584,Atlanta,Fresno,2242.0,Dry Van,32005.0,2025-08-06,1.09714,1.98678,18972.15,4319.669919445092,14652.48008055491,14652.48008055491,3.3920369736114413,114.88439985311646,True,True,True
TR-043540,Milwaukee,Bakersfield,1893.0,Dry Van,30760.0,2025-10-03,1.08079,2.22972,17514.11,3672.6340359300634,13841.475964069938,13841.475964069938,3.7688143791775053,108.53428788211009,True,True,True
TR-046214,Columbia,Tucson,2023.4,Flatbed,34710.0,2025-10-20,0.89822,2.06797,17893.17,4096.762716992325,13796.407283007673,13796.407283007673,3.367636408568087,108.18140290247354,True,True,True
TR-033075,Mobile,Phoenix,1880.0,Reefer,21494.0,2025-07-27,0.97385,2.04041,17333.65,3934.708754669057,13398.941245330945,13398.941245330945,3.40531970236204,105.06926845997687,True,True,True
TR-020246,Atlanta,Los Angeles,2153.5,Reefer,31758.0,2025-05-08,1.42571,1.96054,17772.53,4441.769826707338,13330.76017329266,13330.76017329266,3.0012271444454126,104.53541489136259,True,True,True
TR-035469,Lexington,Fresno,2305.9,Dry Van,42707.0,2025-08-12,0.9485,2.28957,17742.34,4438.13866717177,13304.20133282823,13304.20133282823,2.9976984340839468,104.32746081648047,True,True,True
TR-047299,Boston,Bakersfield,2979.1,Reefer,30585.0,2025-10-27,0.86501,2.09472,19110.3,5972.408294988163,13137.891705011836,13137.891705011836,2.1997644929996993,103.02526673753086,True,True,True
TR-032353,Phoenix,Nashville,1998.0,Dry Van,41695.0,2025-07-23,1.27214,2.13503,16951.43,3867.300992288453,13084.129007711548,13084.129007711548,3.3832714427456785,102.6043081495525,True,True,True
TR-004658,Baltimore,Reno,2884.1,Dry Van,35317.0,2025-01-30,1.06754,1.72427,17688.63,5510.104706851968,12178.525293148032,12178.525293148032,2.2102166730159767,95.51348718829513,True,True,True
TR-019517,Los Angeles,Nashville,2021.0,Flatbed,33799.0,2025-05-03,1.28844,2.07878,16229.57,4092.3131865612763,12137.256813438724,12137.256813438724,2.9658670439242507,95.190357549739,True,True,True
TR-017764,Greensboro,Phoenix,2295.4,Reefer,43657.0,2025-04-22,1.26369,1.95061,16841.6,4704.848313443105,12136.751686556894,12136.751686556894,2.5796265634916864,95.18640243755895,True,True,True
TR-040323,Montgomery,El Paso,1639.9,Dry Van,38363.0,2025-09-12,0.96139,1.92501,14949.25,3203.3939725556975,11745.856027444303,11745.856027444303,3.666691055822069,92.12571365202763,True,True,True
TR-046517,Toledo,Albuquerque,1684.3,Reefer,31536.0,2025-10-22,0.98632,2.05917,14784.38,3571.8866274372767,11212.493372562723,11212.493372562723,3.139095537477167,87.94951711885747,True,True,True
TR-028825,Washington,Lubbock,1627.6,Dry Van,38611.0,2025-07-01,1.25439,2.08207,14317.13,3180.5901290965717,11136.539870903427,11136.539870903427,3.50140678895545,87.3548059079983,True,True,True
TR-021610,Albuquerque,Milwaukee,1421.3,Flatbed,27841.0,2025-05-17,1.23694,2.04142,14079.19,2980.48677010293,11098.70322989707,11098.70322989707,3.7237887922293242,87.05854735380193,True,True,True
TR-027388,St. Louis,Reno,1823.4,Dry Van,27053.0,2025-06-21,1.22629,1.85045,14628.56,3543.597653429645,11084.962346570355,11084.962346570355,3.128166183269101,86.95095708892958,True,True,True
TR-020883,Reno,Memphis,1869.7,Flatbed,-19389.0,2025-05-12,1.26327,2.24126,14561.21,3811.8073723039015,10749.402627696098,10749.402627696098,2.8200277657784767,84.32354528608155,True,True,True
TR-036930,Kansas City,Phoenix,1894.0,Dry Van,21740.0,2025-08-21,1.08017,2.12559,14362.88,3674.4880069430005,10688.391993057,10688.391993057,2.9088112337994088,83.84583579792309,True,True,True
TR-042882,San Antonio,Detroit,1460.5,Dry Van,43567.0,2025-09-29,0.74601,2.04253,13503.63,2870.7915728347916,10632.838427165207,10632.838427165207,3.7038002088969852,83.41085481986032,True,True,True
TR-028700,Bakersfield,Buffalo,2396.0,Dry Van,36757.0,2025-06-30,1.20963,2.00026,15165.13,4605.181455437398,10559.948544562601,10559.948544562601,2.293058079632092,82.84013155635068,True,True,True
TR-029286,Baton Rouge,Philadelphia,1517.5,Reefer,36203.0,2025-07-04,1.35508,1.83016,13817.43,3262.644262479378,10554.785737520622,10554.785737520622,3.235040319565742,82.79970709717117,True,True,True
TR-027615,El Paso,Cincinnati,1615.7,Flatbed,25698.0,2025-06-23,1.1551,2.24607,13875.07,3340.8987350178922,10534.171264982107,10534.171264982107,3.1530950503130684,82.63829705475342,True,True,True
TR-013848,Phoenix,Baltimore,3127.2,Dry Van,21371.0,2025-03-29,1.05909,1.69055,16386.16,5960.805060096965,10425.354939903034,10425.354939903034,1.7489843795920823,81.78627197315404,True,True,True
TR-032678,Dallas,Baltimore,1547.6,Dry Van,34852.0,2025-07-25,1.06736,2.23071,13435.73,3032.272448061608,10403.45755193839,10403.45755193839,3.430911215972312,81.61481678245696,True,True,True
TR-042150,Grand Rapids,Lubbock,1415.5,Dry Van,35333.0,2025-09-24,0.96389,2.11162,13026.22,2787.3628772526245,10238.857122747375,10238.857122747375,3.673313297778919,80.32600562281837,True,True,True
TR-046367,Bakersfield,Columbia,2251.9,Dry Van,40729.0,2025-10-21,0.94743,2.19163,14403.14,4338.024232473168,10065.115767526831,10065.115767526831,2.320207363569421,78.96562157886723,True,True,True
TR-004744,Phoenix,Jacksonville,2212.4,Reefer,38134.0,2025-01-30,1.06262,2.14388,14536.22,4550.968719369331,9985.25128063067,9985.25128063067,2.1940935867417735,78.34028759598232,True,True,True
TR-021951,Hartford,Oklahoma City,1851.3,Reefer,29871.0,2025-05-19,1.20795,1.97389,13863.47,3881.4997865977634,9981.970213402235,9981.970213402235,2.5716786711849067,78.31459704292415,True,True,True
TR-009833,El Paso,Shreveport,1252.3,Dry Van,28394.0,2025-03-04,1.04073,1.99154,12422.22,2484.7948079412986,9937.425192058701,9937.425192058701,3.9992940907229495,77.96581228643204,True,True,True
TR-011714,Fort Wayne,Oklahoma City,1151.3,Reefer,38377.0,2025-03-16,0.94313,2.31669,12454.19,2583.720077541832,9870.46992245817,9870.46992245817,3.8202551461569314,77.44155667493764,True,True,True
TR-017385,Fresno,Memphis,2015.3,Flatbed,33377.0,2025-04-20,1.17109,2.13889,13847.57,4081.745551787535,9765.824448212465,9765.824448212465,2.3925608111303456,76.62218909687974,True,True,True
TR-032460,Charleston,Lubbock,1424.2,Dry Van,43646.0,2025-07-24,1.31612,1.93952,12550.02,2803.492425065177,9746.527574934824,9746.527574934824,3.4765664026034355,76.4710957750179,True,True,True
TR-047537,Los Angeles,Richmond,2782.4,Dry Van,25730.0,2025-10-29,1.0341,2.39203,15003.55,5321.5558548362715,9681.994145163728,9681.994145163728,1.8193916232908944,75.96580301929717,True,True,True
TR-044268,Albany,Albuquerque,2492.6,Dry Van,25513.0,2025-10-08,1.0559,2.38846,14425.42,4784.275055287116,9641.144944712883,9641.144944712883,2.015173633058247,75.64595631135047,True,True,True
TR-024566,Hartford,Mobile,1264.3,Reefer,36014.0,2025-06-04,1.3777,2.33399,12403.35,2793.218802003718,9610.131197996283,9610.131197996283,3.440522164286753,75.40312059660167,True,True,True
TR-043303,Atlanta,Phoenix,2083.1,Reefer,40335.0,2025-10-01,0.9074,1.94613,13894.55,4311.25026739657,9583.29973260343,9583.29973260343,2.22285859976078,75.19303188542561,True,True,True
TR-022731,Dallas,Grand Rapids,1041.3,Reefer,32899.0,2025-05-24,1.24348,1.79121,11895.25,2379.783266118757,9515.466733881243,9515.466733881243,3.9984593846649887,74.66190370930495,True,True,True
TR-021084,Las Vegas,Baton Rouge,1559.8,Dry Van,22992.0,2025-05-13,1.28711,2.18265,12569.71,3054.89089441944,9514.819105580558,9514.819105580558,3.11461830697845,74.65683281984661,True,True,True
TR-002224,Albuquerque,Indianapolis,1344.4,Dry Van,24751.0,2025-01-14,0.89477,1.7784,12100.18,2655.545538232801,9444.6344617672,9444.6344617672,3.556570326431822,74.10729140840265,True,True,True
TR-043385,Lexington,Lubbock,1187.0,Dry Van,25359.0,2025-10-02,0.95849,2.17408,11696.44,2363.7305007965097,9332.70949920349,9332.70949920349,3.9482967690515625,73.23092588795288,True,True,True
TR-003187,El Paso,Fort Wayne,1684.4,Reefer,29510.0,2025-01-21,0.92428,2.08536,12854.51,3572.072024538571,9282.43797546143,9282.43797546143,2.5986144488955274,72.83730297257387,True,True,True
TR-021703,Buffalo,Shreveport,1151.5,Flatbed,25885.0,2025-05-17,1.30036,1.99998,11708.49,2480.2853908125157,9228.204609187484,9228.204609187484,3.7206220878333762,72.41265907570094,True,True,True
TR-037174,Albuquerque,Madison,1327.4,Flatbed,36335.0,2025-08-23,0.97029,1.90503,11981.0,2806.398891988142,9174.601108011859,9174.601108011859,3.2691721530406816,71.9929469835127,True,True,True
TR-042736,Jacksonville,Tucson,1943.0,Dry Van,16292.0,2025-09-28,0.78263,1.84861,12797.54,3765.3325865769157,9032.207413423086,9032.207413423086,2.398780773210346,70.8780131795722,True,True,True
TR-020882,Reno,Dayton,2004.1,Dry Van,17891.0,2025-05-12,1.22414,2.32767,12906.22,3878.610215467369,9027.60978453263,9027.60978453263,2.327537257683629,70.84201403029283,True,True,True
TR-037963,San Francisco,Atlanta,2287.0,Dry Van,27878.0,2025-08-28,1.055,2.37447,13409.18,4403.098615027258,9006.081384972742,9006.081384972742,2.0453962475961913,70.67344799593732,True,True,True
TR-010387,Mobile,Amarillo,1125.8,Dry Van,38863.0,2025-03-07,1.13115,2.13355,11247.8,2250.2674748047625,8997.532525195236,8997.532525195236,3.9984280206404703,70.60651095368546,True,True,True
TR-018418,Providence,Phoenix,3110.8,Flatbed,33214.0,2025-04-26,1.27372,2.21169,14934.48,6112.770796460068,8821.709203539933,8821.709203539933,1.4431604745672164,69.22982524157769,True,True,True
TR-017709,Mobile,Bakersfield,1946.7,Flatbed,28838.0,2025-04-22,1.24939,2.11525,12750.46,3954.563140300054,8795.896859699946,8795.896859699946,2.2242398332354236,69.02771618900167,True,True,True
TR-039363,Tulsa,Bakersfield,1477.7,Dry Van,30076.0,2025-09-06,0.88612,1.99466,11684.7,2902.6798742573087,8782.020125742692,8782.020125742692,3.0254869658989505,68.9190622221114,True,True,True
TR-035834,Green Bay,Amarillo,1384.6,Reefer,37596.0,2025-08-14,1.04156,1.83041,11797.79,3016.2515148600446,8781.538485139956,8781.538485139956,2.9114078988029695,68.91529100604112,True,True,True
TR-028598,Richmond,Shreveport,1106.1,Reefer,32640.0,2025-06-29,1.20681,2.4724,11276.81,2499.9205877570776,8776.889412242923,8776.889412242923,3.510867287235522,68.87888905337843,True,True,True
TR-002222,Boston,Jacksonville,1166.1,Flatbed,42165.0,2025-01-14,0.89553,2.00107,11210.34,2507.3533676013963,8702.986632398604,8702.986632398604,3.4709852806763024,68.30023486723934,True,True,True
TR-047587,Corpus Christi,Las Vegas,1383.3,Flatbed,18645.0,2025-10-29,1.01713,2.02448,11596.28,2910.035871611323,8686.244128388678,8686.244128388678,2.984926822767651,68.16914209843954,True,True,True
TR-031461,Madison,San Antonio,1155.6,Dry Van,31247.0,2025-07-17,1.34744,2.02471,10965.67,2305.5158109902864,8660.154189009714,8660.154189009714,3.7562762084420167,67.964859489997,True,True,True
TR-044345,Lexington,Albany,1040.0,Dry Van,36569.0,2025-10-08,1.04012,2.05845,10566.25,2091.196761894764,8475.053238105236,8475.053238105236,4.052728749649685,66.51553051583885,True,True,True
TR-025655,Greensboro,Lubbock,1240.6,Reefer,29932.0,2025-06-11,1.35924,2.42856,11224.33,2749.27968899711,8475.05031100289,8475.05031100289,3.0826439175762586,66.51550759680887,True,True,True
TR-035524,Los Angeles,Mobile,1971.1,Dry Van,25894.0,2025-08-12,0.97499,2.37027,12284.47,3817.4291720404462,8467.040827959554,8467.040827959554,2.2179955269304585,66.4527938409583,True,True,True
TR-017014,Baton Rouge,Salt Lake City,1448.3,Dry Van,46414.0,2025-04-17,1.36563,1.99484,11311.81,2848.1731264769596,8463.636873523039,8463.636873523039,2.9716019699940475,66.42614108867664,True,True,True
TR-040159,San Francisco,Shreveport,1950.8,Dry Van,40882.0,2025-09-11,1.01516,2.01542,12240.81,3779.7935604778245,8461.016439522175,8461.016439522175,2.2384863893076137,66.40562325284833,True,True,True
TR-010000,Grand Rapids,Boston,1069.1,Reefer,29476.0,2025-03-05,1.11126,2.04323,10769.23,2431.323660278407,8337.906339721592,8337.906339721592,3.4293691440352423,65.4416788010202,True,True,True
TR-036680,El Paso,Greensboro,1813.7,Dry Van,20366.0,2025-08-20,1.00259,1.7615,11839.2,3525.614134604156,8313.585865395846,8313.585865395846,2.358053249162296,65.25125099428372,True,True,True
TR-029664,Indianapolis,Salt Lake City,1568.2,Reefer,47500.0,2025-07-06,1.12126,1.82599,11668.74,3356.640592835286,8312.099407164715,8312.099407164715,2.476314987343835,65.23961211845555,True,True,True
TR-001950,Hartford,Reno,2794.2,Reefer,35166.0,2025-01-13,0.83784,1.91304,13918.0,5629.609054696103,8288.390945303898,8288.390945303898,1.4722853513939647,65.0539763313907,True,True,True
TR-033274,Tucson,Montgomery,1848.1,Dry Van,40927.0,2025-07-29,1.01446,2.21746,11700.79,3589.39073744919,8111.399262550811,8111.399262550811,2.2598262089223526,63.66814242429515,True,True,True
TR-043887,Shreveport,Baltimore,1348.4,Reefer,25462.0,2025-10-05,0.86034,1.90892,11052.72,2949.137764191724,8103.582235808275,8103.582235808275,2.7477801594084705,63.60693558935257,True,True,True
TR-026011,Richmond,Fresno,2792.2,Dry Van,19867.0,2025-06-13,1.37077,1.8566,13432.05,5339.724770763054,8092.325229236945,8092.325229236945,1.5154948197977143,63.51879392553941,True,True,True
TR-016265,Albany,Baton Rouge,1714.3,Dry Van,29943.0,2025-04-13,1.03791,2.30634,11408.87,3341.3294159182133,8067.5405840817875,8067.5405840817875,2.4144702840874457,63.32473168997513,True,True,True
TR-038772,Houston,New York,1543.2,Reefer,40543.0,2025-09-02,0.91654,2.19666,11377.49,3310.29131751186,8067.19868248814,8067.19868248814,2.4370056616502715,63.32205462168583,True,True,True
TR-007534,New Orleans,Buffalo,1156.4,Flatbed,29407.0,2025-02-17,0.92805,1.93677,10537.71,2489.3698487759075,8048.340151224092,8048.340151224092,3.233083326361362,63.17439349062467,True,True,True
TR-007242,Montgomery,Albany,1403.3,Flatbed,45445.0,2025-02-15,0.96085,1.99404,10945.08,2947.1152918700636,7997.964708129936,7997.964708129936,2.713828240854095,62.779956893159046,True,True,True
TR-033312,Los Angeles,Mobile,1945.6,Dry Van,19268.0,2025-07-29,1.00732,2.37599,11663.11,3770.152911210552,7892.957088789449,7892.957088789449,2.093537656077486,61.95775374145252,True,True,True
TR-010955,Green Bay,Houston,1167.0,Dry Van,38500.0,2025-03-11,1.03337,1.98193,10168.3,2326.651080537769,7841.64891946223,7841.64891946223,3.3703587895309837,61.55601395538667,True,True,True
TR-002031,Tucson,Houston,1247.6,Dry Van,46843.0,2025-01-13,0.86364,2.00528,10270.54,2476.0811441804944,7794.458855819506,7794.458855819506,3.147901220498664,61.18651868161543,True,True,True
TR-024636,Milwaukee,Fresno,2053.7,Dry Van,27923.0,2025-06-04,1.36727,1.95175,11729.5,3970.567177709046,7758.9328222909535,7758.9328222909535,1.9541119631094452,60.90835204077297,True,True,True
TR-045820,Atlanta,Baltimore,940.4,Dry Van,30598.0,2025-10-18,0.9171,2.16316,9522.01,1906.5412490062345,7615.468750993766,7615.468750993766,3.994389712241082,59.78503725354097,True,True,True
TR-028814,Mobile,Boston,1397.3,Reefer,34745.0,2025-07-01,1.2226,1.85662,10620.88,3039.796946724345,7581.083053275654,7581.083053275654,2.493943900247993,59.51579937142322,True,True,True
TR-034288,Jacksonville,Oklahoma City,992.4,Dry Van,42032.0,2025-08-04,0.93842,2.28178,9535.05,2002.9477416789607,7532.102258321039,7532.102258321039,3.7605086251562874,59.132282782458454,True,True,True
TR-027381,Oklahoma City,New York,1713.2,Dry Van,31476.0,2025-06-21,1.25125,1.97389,10809.73,3339.290047803983,7470.439952196017,7470.439952196017,2.2371341947695744,58.64947074695182,True,True,True
TR-023574,Boston,Nashville,1223.5,Flatbed,25738.0,2025-05-29,1.41937,1.92672,10045.86,2613.771303743983,7432.088696256018,7432.088696256018,2.8434349576071347,58.34918278971772,True,True,True
TR-026995,Baton Rouge,Fort Wayne,982.3,Flatbed,39940.0,2025-06-19,1.34842,2.5109,9572.69,2166.593495423567,7406.096504576433,7406.096504576433,3.418313827776238,58.145665539703515,True,True,True
TR-033087,Oklahoma City,Hartford,1819.2,Flatbed,31163.0,2025-07-28,0.99486,2.08736,11117.85,3718.1818361505807,7399.668163849419,7399.668163849419,1.9901307923956368,58.095332030200204,True,True,True
TR-042646,Boston,Phoenix,3183.8,Dry Van,32231.0,2025-09-27,0.82572,1.77316,13420.59,6065.739819429202,7354.850180570798,7354.850180570798,1.2125231875281628,57.74440999867287,True,True,True
TR-021056,Amarillo,Little Rock,837.7,Reefer,33864.0,2025-05-13,1.3147,1.51475,9350.63,2002.314767884775,7348.315232115225,7348.315232115225,3.669910121013546,57.693241757261845,True,True,True
TR-002515,Little Rock,Buffalo,1006.5,Dry Van,19892.0,2025-01-16,1.00383,1.86722,9313.19,2029.0887329613731,7284.101267038627,7284.101267038627,3.5898387038046264,57.19045039030058,True,True,True
TR-026947,Columbia,Bakersfield,2187.2,Dry Van,26570.0,2025-06-19,1.35915,1.92802,11439.83,4218.072307936141,7221.7576920638585,7221.7576920638585,1.712099073900748,56.70230406192131,True,True,True
TR-026202,Albany,Shreveport,1649.8,Dry Van,21136.0,2025-06-15,1.22519,1.92921,10402.19,3221.748285583774,7180.441714416227,7180.441714416227,2.228740757478248,56.37880251745175,True,True,True
TR-039368,Baton Rouge,Grand Rapids,1103.7,Dry Van,22408.0,2025-09-06,0.88674,1.85875,9250.6,2209.294715418854,7041.305284581146,7041.305284581146,3.1871281071915316,55.28937289466732,True,True,True
TR-028544,Atlanta,Hartford,997.2,Flatbed,13107.0,2025-06-29,1.1919,2.28825,9195.27,2194.2176635163296,7001.052336483671,7001.052336483671,3.1906826988459196,54.974194805695426,True,True,True
TR-030247,Cincinnati,Albany,1110.8,Dry Van,36937.0,2025-07-10,1.32643,2.05626,9195.08,2222.457909610707,6972.622090389294,6972.622090389294,3.137347195749881,54.751587740709084,True,True,True
TR-023974,Boston,Cincinnati,1119.8,Flatbed,22612.0,2025-05-31,1.25222,2.0566,9379.48,2421.5145097024115,6957.965490297588,6957.965490297588,2.873394093827948,54.636827470317385,True,True,True
TR-005194,Albany,Lexington,1058.4,Dry Van,33015.0,2025-02-02,0.87374,1.81719,9080.04,2125.309828532806,6954.730171467195,6954.730171467195,3.2723370861500922,54.61149512438066,True,True,True
TR-027836,Richmond,Phoenix,2651.3,Dry Van,42643.0,2025-06-24,1.27182,1.94687,12021.48,5078.500255040225,6942.9797449597745,6942.9797449597745,1.3671319082969666,54.519490013047076,True,True,True
TR-042992,Houston,Hartford,1667.1,Dry Van,20533.0,2025-09-29,0.78127,1.8657,10119.16,3253.8219841075847,6865.338015892416,6865.338015892416,2.1099304293302787,53.91156008620877,True,True,True
TR-026643,Fresno,Savannah,2571.0,Dry Van,47500.0,2025-06-17,1.24969,1.9893,11700.83,4929.62638270138,6771.20361729862,6771.20361729862,1.3735733890624133,53.17449357909318,True,True,True
TR-031202,El Paso,Kansas City,1362.6,Dry Van,44357.0,2025-07-15,1.23036,2.11456,9445.95,2689.2878106682547,6756.662189331746,6756.662189331746,2.5124355089583363,53.060635099301244,True,True,True
TR-035905,Nashville,Hartford,1082.9,Dry Van,35666.0,2025-08-15,1.0204,1.92842,8904.72,2170.7321183497634,6733.987881650236,6733.987881650236,3.102173605267128,52.88309667536982,True,True,True
TR-000470,Phoenix,Jacksonville,2154.3,Dry Van,22509.0,2025-01-04,0.84517,1.76215,10854.69,4157.076661610514,6697.613338389487,6697.613338389487,1.6111353923876715,52.598286255909706,True,True,True
TR-002663,Grand Rapids,Reno,1951.9,Dry Van,29933.0,2025-01-17,1.02555,1.68637,10436.26,3781.8329285920554,6654.427071407945,6654.427071407945,1.7595772201088038,52.26014046186471,True,True,True
TR-024673,El Paso,Charleston,2028.3,Flatbed,27008.0,2025-06-04,1.40202,2.17107,10705.58,4105.847174955717,6599.732825044283,6599.732825044283,1.6073985571845997,51.83188790245184,True,True,True
TR-014315,Mobile,Harrisburg,923.1,Flatbed,45791.0,2025-04-01,1.10455,1.93776,8631.33,2056.8384114576947,6574.491588542305,6574.491588542305,3.1964064614501826,51.63425058493869,True,True,True
TR-032679,El Paso,Savannah,1870.5,Dry Van,24333.0,2025-07-25,1.06596,2.35637,10182.59,3630.91968813898,6551.67031186102,6551.67031186102,1.8044106933191533,51.455561402847266,True,True,True
TR-007361,Corpus Christi,Philadelphia,1739.9,Flatbed,30157.0,2025-02-16,0.90498,1.95132,10115.44,3571.161934824673,6544.278065175327,6544.278065175327,1.8325346720791085,51.39768056942449,True,True,True
TR-028780,Phoenix,Tampa,2068.4,Dry Van,45171.0,2025-06-30,1.16543,1.99965,10498.93,3997.8205515992213,6501.109448400779,6501.109448400779,1.6261633969038916,51.059672975406414,True,True,True
TR-013064,Dallas,Toledo,1040.3,Dry Van,24993.0,2025-03-24,1.06255,1.96186,8549.6,2091.752953198645,6457.847046801355,6457.847046801355,3.087289556315057,50.720931052021754,True,True,True
TR-019091,Hartford,Little Rock,1374.0,Dry Van,43480.0,2025-04-30,1.36212,2.09302,9161.37,2710.423080215737,6450.946919784264,6450.946919784264,2.380051648346648,50.66690348510557,True,True,True
TR-004389,Little Rock,Richmond,1068.0,Dry Van,33387.0,2025-01-28,0.96508,1.93107,8552.48,2143.1079502570014,6409.372049742999,6409.372049742999,2.9906902491656506,50.341374829238426,True,True,True
TR-039480,Syracuse,Indianapolis,829.7,Reefer,27194.0,2025-09-07,0.83751,2.1798,8354.94,1987.4829997812785,6367.457000218722,6367.457000218722,3.203779353543883,50.01318258910155,True,True,True
TR-006756,Philadelphia,Dallas,1502.6,Flatbed,32707.0,2025-02-12,1.03761,2.02891,9457.25,3131.214613454712,6326.035386545288,6326.035386545288,2.0203135739602613,49.68885392109663,True,True,True
TR-004042,Tucson,Baton Rouge,1410.7,Flatbed,30966.0,2025-01-26,0.83213,1.99559,9275.66,2960.8346773657977,6314.825322634202,6314.825322634202,2.132785518525604,49.60107981540397,True,True,True
TR-036392,Houston,Tucson,1280.7,Reefer,37808.0,2025-08-18,0.852,1.81515,9127.43,2823.623926615886,6303.806073384114,6303.806073384114,2.2325232528183125,49.5147997766814,True,True,True
TR-047821,Los Angeles,Little Rock,1722.4,Reefer,41796.0,2025-10-30,1.03114,1.86271,9939.89,3642.5229230301784,6297.367076969821,6297.367076969821,1.7288476174450824,49.464382833807065,True,True,True
TR-008622,Nashville,Syracuse,929.7,Reefer,33579.0,2025-02-24,0.94124,2.18225,8453.3,2172.880101074983,6280.419898925016,6280.419898925016,2.890366521290301,49.331687479998614,True,True,True
TR-039460,Phoenix,Lexington,2217.9,Dry Van,32609.0,2025-09-07,0.8206,1.85439,10528.39,4274.98921803331,6253.4007819666895,6253.4007819666895,1.4627874979398285,49.120129468694394,True,True,True
TR-043643,Milwaukee,Baltimore,985.2,Dry Van,16150.0,2025-10-04,0.93795,2.21345,8236.26,1989.599150385814,6246.660849614186,6246.660849614186,3.1396579800523448,49.067356216074046,True,True,True
TR-028216,Washington,San Antonio,1613.7,Dry Van,28792.0,2025-06-27,1.31844,2.10183,9397.64,3154.819932016747,6242.820067983253,6242.820067983253,1.9788197749823628,49.03728313393197,True,True,True
TR-006708,Kansas City,Syracuse,921.6,Dry Van,25661.0,2025-02-12,1.08771,1.88793,8091.49,1871.6865939630181,6219.803406036982,6219.803406036982,3.3231009005986802,48.857064097324496,True,True,True
TR-027320,Lexington,Philadelphia,808.7,Dry Van,40018.0,2025-06-21,1.20121,2.17482,7870.44,1662.3732666024257,6208.066733397574,6208.066733397574,3.7344601589302986,48.765166677925066,True,True,True
TR-028013,Montgomery,Houston,604.3,Reefer,39690.0,2025-06-25,1.31135,2.76111,7773.37,1569.5979334652684,6203.7720665347315,6203.7720665347315,3.952459374636407,48.731539702546165,True,True,True
TR-024779,Montgomery,Oklahoma City,869.1,Reefer,29372.0,2025-06-05,1.38722,2.41944,8198.5,2060.5294576909982,6137.970542309002,6137.970542309002,2.978831736376693,48.216317845834396,True,True,True
TR-045286,Providence,Baton Rouge,1590.7,Dry Van,30170.0,2025-10-14,0.93687,2.10491,9208.2,3112.1785987191947,6096.0214012808065,6096.0214012808065,1.9587633575366146,47.88785867133462,True,True,True
TR-046668,Albuquerque,Lexington,1643.6,Dry Van,21757.0,2025-10-23,1.01507,2.20519,9305.14,3210.253665303564,6094.886334696435,6094.886334696435,1.8985684528827096,47.87897117032347,True,True,True
TR-014177,Hartford,Memphis,1159.1,Dry Van,15947.0,2025-03-31,1.00746,1.90998,8401.52,2312.004709535566,6089.515290464435,6089.515290464435,2.63386803035003,47.83691622685135,True,True,True
TR-027970,Buffalo,Boston,589.9,Reefer,24951.0,2025-06-25,1.3392,2.58804,7597.52,1542.900750878975,6054.619249121026,6054.619249121026,3.924179339255471,47.5636823857755,True,True,True
TR-033233,Baton Rouge,Albany,1759.5,Dry Van,34332.0,2025-07-29,,2.27971,9454.94,3425.128905702968,6029.8110942970325,6029.8110942970325,1.7604625286532052,47.369436070961214,True,True,True
TR-009766,Chattanooga,Phoenix,1985.4,Reefer,26659.0,2025-03-04,1.0482,1.97355,10036.5,4130.117299432621,5906.382700567379,5906.382700567379,1.430076259911256,46.40299939739437,True,True,True
TR-018740,Austin,Albuquerque,833.9,Flatbed,20546.0,2025-04-28,1.19135,1.83855,7777.29,1891.4641971037101,5885.82580289629,5885.82580289629,3.1117828251303488,46.24204016262043,True,True,True
TR-044162,Baton Rouge,Detroit,1189.2,Flatbed,31603.0,2025-10-07,0.95007,2.02274,8425.34,2550.1800980002427,5875.1599019997575,5875.1599019997575,2.3038215640561392,46.15852681960782,True,True,True
TR-026991,Syracuse,Amarillo,1860.8,Dry Van,27170.0,2025-06-19,1.39991,1.99193,9471.39,3612.9361693134906,5858.453830686509,5858.453830686509,1.6215215426293288,46.027719316565125,True,True,True
TR-040080,Tucson,Columbia,2046.7,Flatbed,23285.0,2025-09-11,1.0281,2.03725,9993.31,4139.960241593759,5853.349758406241,5853.349758406241,1.4138661766840734,45.98775474692979,True,True,True
TR-033039,Raleigh,Fort Wayne,706.8,Reefer,43242.0,2025-07-27,0.96117,1.88399,7607.75,1759.6299622913157,5848.120037708684,5848.120037708684,3.3234942363072233,45.946806357974,True,True,True
TR-047662,Phoenix,Oklahoma City,1261.3,Dry Van,35825.0,2025-10-30,1.06957,2.01821,8276.0,2501.480547057732,5774.519452942268,5774.519452942268,2.3084406791547183,45.37051834056668,True,True,True
TR-014612,Cincinnati,Corpus Christi,931.7,Dry Van,30768.0,2025-04-02,1.17827,2.17761,7648.0,1890.4117011936823,5757.588298806318,5757.588298806318,3.0456795708420255,45.23794845297149,True,True,True
TR-029278,Lexington,Shreveport,635.4,Flatbed,28791.0,2025-07-03,1.36276,1.7668,7269.5,1523.4509510357068,5746.049048964293,5746.049048964293,3.771732227452341,45.14759684184051,True,True,True
TR-014786,Dallas,St. Louis,617.9,Flatbed,17528.0,2025-04-03,1.19781,1.82074,7106.91,1491.0064583093083,5615.903541690692,5615.903541690692,3.766518589100354,44.12856558551013,True,True,True
TR-003909,Green Bay,Lubbock,1389.2,Dry Van,25352.0,2025-01-25,0.88292,1.80121,8339.05,2738.60343961238,5600.44656038762,5600.44656038762,2.0450009225068024,44.00753837983616,True,True,True
TR-043102,Fort Wayne,Albany,874.4,Reefer,32660.0,2025-09-30,0.81429,2.23902,7443.31,2070.3555040595643,5372.954495940436,5372.954495940436,2.5951844914581663,42.226289613780374,True,True,True
TR-045174,Corpus Christi,Atlanta,832.1,Dry Van,47500.0,2025-10-13,0.88212,1.87079,7004.3,1705.7561883051526,5298.543811694848,5298.543811694848,3.106272659611164,41.64365856765616,True,True,True
TR-006982,Fresno,Montgomery,2255.6,Flatbed,-22094.0,2025-02-14,1.06188,1.92707,9825.71,4527.254786196307,5298.4552138036925,5298.4552138036925,1.1703461510403153,41.642964851659166,True,True,True
TR-018109,Lexington,Green Bay,620.2,Dry Van,29075.0,2025-04-24,1.41395,1.98512,6602.57,1312.8997306637928,5289.670269336207,5289.670269336207,4.0289979088211005,41.574179280915835,True,True,True
TR-023305,El Paso,Tulsa,1071.1,Reefer,25243.0,2025-05-27,1.25851,1.80396,7683.65,2435.031602304281,5248.618397695718,5248.618397695718,2.155462127361685,41.252745670114535,True,True,True
TR-009990,Nashville,Albany,1279.0,Dry Van,23175.0,2025-03-05,1.15803,1.8645,7768.03,2534.2958339867178,5233.734166013282,5233.734166013282,2.0651630704770803,41.136203058474635,True,True,True
TR-039439,Tucson,Houston,1292.0,Dry Van,40140.0,2025-09-07,0.82468,2.10254,7773.89,2558.3974571548993,5215.492542845101,5215.492542845101,2.03857791066016,40.993372279571915,True,True,True
TR-035999,Richmond,Milwaukee,770.9,Dry Van,32008.0,2025-08-15,1.04167,1.90063,6767.41,1592.2931623134052,5175.116837686594,5175.116837686594,3.2501030338959622,40.677233010419876,True,True,True
TR-018271,El Paso,Columbia,1825.3,Dry Van,-36413.0,2025-04-25,1.35588,2.18505,8708.21,3547.1201983542255,5161.089801645774,5161.089801645774,1.4550084330495454,40.56740218753009,True,True,True
TR-009156,Green Bay,Shreveport,1021.4,Dry Van,19364.0,2025-02-28,1.07489,1.93979,7214.86,2056.712901054135,5158.147098945865,5158.147098945865,2.50795679664485,40.5443610077605,True,True,True
TR-034474,Austin,Lexington,1170.0,Dry Van,25131.0,2025-08-05,1.01271,2.24062,7436.41,2332.2129935765797,5104.19700642342,5104.19700642342,2.1885638320691485,40.121935126806264,True,True,True
TR-032878,Amarillo,Raleigh,1791.7,Flatbed,38249.0,2025-07-26,1.00777,2.06245,8768.95,3667.197633294812,5101.752366705188,5101.752366705188,1.3911855528008437,40.10279374931631,True,True,True
TR-036337,Louisville,San Antonio,953.3,Dry Van,27815.0,2025-08-18,0.93015,1.92583,7005.3,1930.4574750731222,5074.8425249268785,5074.8425249268785,2.6288289643544998,39.89209135589942,True,True,True
TR-026810,Tampa,Little Rock,619.0,Reefer,26773.0,2025-06-18,1.40187,2.6726,6625.8,1596.8513073554432,5028.948692644557,5028.948692644557,3.1492905253483086,39.532745493347655,True,True,True
TR-043185,Fort Wayne,Atlanta,548.4,Reefer,26544.0,2025-10-01,0.94021,1.76816,6477.13,1465.9609538420877,5011.169046157913,5011.169046157913,3.4183509683694564,39.39353196323089,True,True,True
TR-011935,Corpus Christi,Columbia,977.9,Reefer,29365.0,2025-03-17,0.98649,2.28838,7177.73,2262.2415038985487,4915.48849610145,4915.48849610145,2.172839852699426,38.64435918598361,True,True,True
TR-032085,Nashville,Amarillo,1115.9,Reefer,35813.0,2025-07-21,1.12249,1.68685,7417.99,2518.089503683861,4899.900496316139,4899.900496316139,1.945880195738788,38.522306113713434,True,True,True
TR-046614,Little Rock,Buffalo,1038.6,Flatbed,18497.0,2025-10-23,1.05025,2.01241,7151.41,2270.972063451923,4880.437936548076,4880.437936548076,2.1490523882225627,38.36991547689983,True,True,True
TR-021903,Jacksonville,Baltimore,926.1,Reefer,21481.0,2025-05-18,1.16454,1.88682,7010.39,2166.20580542841,4844.1841945715905,4844.1841945715905,2.236252983180219,38.086050924008966,True,True,True
TR-013512,Lexington,Baton Rouge,751.2,Reefer,36805.0,2025-03-27,1.26904,2.56757,6621.13,1841.9462752657205,4779.183724734279,4779.183724734279,2.5946379592666626,37.57710127351406,True,True,True
TR-034374,New York,Tulsa,1444.5,Dry Van,13908.0,2025-08-05,1.01849,2.26301,7603.41,2841.128036627799,4762.281963372201,4762.281963372201,1.6761940686857129,37.444761529516704,True,True,True
TR-018016,Green Bay,Richmond,851.0,Dry Van,27091.0,2025-04-24,1.36928,2.14432,6489.53,1740.7962404496627,4748.733759550337,4748.733759550337,2.727909016119944,37.33867993322625,True,True,True
TR-001330,Harrisburg,Tulsa,1190.5,Dry Van,28538.0,2025-01-09,0.9801,1.87616,7100.73,2370.2193993417895,4730.51060065821,4730.51060065821,1.9958112746743504,37.19599372846074,True,True,True
TR-024786,Jacksonville,Corpus Christi,833.7,Dry Van,35222.0,2025-06-05,1.39996,2.2769,6362.14,1708.7225419258518,4653.417458074148,4653.417458074148,2.723331227800984,36.592359199788625,True,True,True
TR-023044,Phoenix,Philadelphia,2983.4,Dry Van,37692.0,2025-05-26,1.16832,2.31695,1047.91,5694.204028436618,-4646.294028436618,4646.294028436618,-0.8159690108105047,-36.2238054003968,True,True,True
TR-007633,Syracuse,Jacksonville,1003.7,Dry Van,22400.0,2025-02-18,1.02739,1.84565,6646.55,2023.8976141251494,4622.652385874851,4622.652385874851,2.2840347029476784,36.35147059109898,True,True,True
TR-023457,Washington,Dayton,548.9,Flatbed,47500.0,2025-05-28,1.3837,1.64854,5965.1,1363.0824584166523,4602.017541583348,4602.017541583348,3.376184260289742,36.18990103911786,True,True,True
TR-005546,Bakersfield,Baton Rouge,1628.9,Dry Van,23809.0,2025-02-04,0.97174,1.78337,7772.01,3183.00029141339,4589.00970858661,4589.00970858661,1.441724564388554,36.088050512899265,True,True,True
TR-007297,Atlanta,San Antonio,879.2,Dry Van,25144.0,2025-02-16,0.87188,1.93776,6369.91,1793.0782230144873,4576.831776985513,4576.831776985513,2.552499784025615,35.992698063176334,True,True,True
TR-035372,Nashville,Tampa,593.1,Flatbed,25665.0,2025-08-11,0.89485,2.01991,6014.82,1445.0279771884698,4569.79202281153,4569.79202281153,3.162424600043234,35.937577224274925,True,True,True
TR-025799,Albany,Reno,2894.3,Dry Van,32383.0,2025-06-12,1.33841,1.87999,969.83,5529.015211183927,-4559.185211183927,4559.185211183927,-0.8245926330536663,-35.54174875977953,True,True,True
TR-038045,Baton Rouge,Richmond,1212.4,Dry Van,21517.0,2025-08-29,0.96384,1.96575,6964.45,2410.8213645251108,4553.628635474889,4553.628635474889,1.8888287213979762,35.811018903136834,True,True,True
TR-043727,Reno,Toledo,2117.6,Dry Van,25124.0,2025-10-04,0.94851,2.37759,8592.93,4089.0359254357236,4503.894074564277,4503.894074564277,1.101456225059785,35.421600373450396,True,True,True
TR-021543,Columbia,Tampa,578.6,Dry Van,31284.0,2025-05-16,1.30343,1.8673,5733.17,1235.7745365256117,4497.395463474389,4497.395463474389,3.639333333505031,35.37071665136071,True,True,True
TR-029459,Los Angeles,Syracuse,2922.2,Dry Van,22295.0,2025-07-05,1.19915,2.45808,1106.28,5580.74100244487,-4474.46100244487,4474.46100244487,-0.8017682598932026,-34.87836345604057,True,True,True
TR-003029,Harrisburg,Oklahoma City,1489.5,Reefer,34450.0,2025-01-20,0.8359,2.18843,7679.26,3210.733074117141,4468.526925882859,4468.526925882859,1.3917466269324104,35.14467779111429,True,True,True
TR-038460,San Antonio,Grand Rapids,1352.0,Reefer,44265.0,2025-08-31,0.86237,1.93871,7384.72,2955.812059838297,4428.907940161704,4428.907940161704,1.4983726470092267,34.834463588259865,True,True,True
TR-001747,Columbia,Houston,882.9,Flatbed,29523.0,2025-01-11,0.89791,2.14219,6394.62,1982.3087767376253,4412.311223262374,4412.311223262374,2.225844568233166,34.70451232350104,True,True,True
TR-035476,Bakersfield,New York,2832.5,Reefer,26339.0,2025-08-12,1.02816,2.10956,1345.5,5700.616144491592,-4355.116144491592,4355.116144491592,-0.7639728818962607,-33.943900614530186,True,True,True
TR-042438,Toledo,Austin,1445.9,Dry Van,37298.0,2025-09-26,0.89811,1.93929,7197.15,2843.7235960459107,4353.4264039540885,4353.4264039540885,1.530889433138777,34.243447837637824,True,True,True
TR-017964,Greensboro,Milwaukee,480.1,Dry Van,34249.0,2025-04-23,1.34375,1.78747,5404.31,1053.1583917513128,4351.151608248688,4351.151608248688,4.131526313922346,34.22563632824245,True,True,True
TR-005727,Albany,Milwaukee,1078.0,Dry Van,45463.0,2025-02-05,1.03228,1.94408,6494.7,2161.647660386372,4333.052339613628,4333.052339613628,2.004513695279618,34.08392017651182,True,True,True
TR-031333,Louisville,Syracuse,796.8,Dry Van,32961.0,2025-07-16,1.2625,2.04758,5970.35,1640.3110115484747,4330.038988451526,4330.038988451526,2.6397670673221376,34.06032582366162,True,True,True
TR-005051,Raleigh,Reno,2642.3,Reefer,35325.0,2025-02-01,,1.90434,1020.7,5347.990857830967,-4327.290857830967,4327.290857830967,-0.8091432788249054,-33.72603034441843,True,True,True
TR-036371,Jacksonville,Shreveport,541.4,Dry Van,22711.0,2025-08-18,0.87494,1.54444,5474.99,1166.8068148443535,4308.183185155646,4308.183185155646,3.692284901275913,33.88919623834379,True,True,True
TR-026437,Lubbock,Memphis,841.4,Dry Van,42102.0,2025-06-16,1.24165,2.34966,6007.57,1722.998118725467,4284.571881274533,4284.571881274533,2.4866956235819386,33.70432119223876,True,True,True
TR-047993,Cincinnati,Mobile,457.0,Reefer,34524.0,2025-10-31,1.00672,1.58343,5561.19,1296.508003259642,4264.681996740357,4264.681996740357,3.289360332538033,33.54858462898946,True,True,True
TR-033305,New York,Nashville,1005.1,Dry Van,21174.0,2025-07-29,1.03224,2.22811,6289.74,2026.4931735432613,4263.246826456739,4263.246826456739,2.1037558290919787,33.537347334611795,True,True,True
TR-042453,Fort Wayne,Hartford,840.2,Dry Van,20529.0,2025-09-26,0.91051,1.93104,5949.01,1720.7733535099426,4228.236646490058,4228.236646490058,2.4571723160784216,33.26321979518934,True,True,True
TR-023370,Amarillo,Lubbock,412.4,Flatbed,35494.0,2025-05-28,1.38576,1.40576,5308.96,1110.0154151507456,4198.944584849254,4198.944584849254,3.7827804258727493,33.03386476788453,True,True,True
TR-025173,Toledo,Baltimore,806.2,Dry Van,35622.0,2025-06-08,1.17944,2.05644,5812.47,1657.7383390700832,4154.731660929917,4154.731660929917,2.506265049803056,32.68768031364252,True,True,True
TR-044503,Columbia,Shreveport,650.2,Dry Van,21435.0,2025-10-09,1.06397,1.92558,5511.27,1368.5188610519042,4142.751138948096,4142.751138948096,3.027178694317588,32.59387356900427,True,True,True
TR-039292,Indianapolis,Amarillo,1083.3,Dry Van,35906.0,2025-09-06,0.83947,2.10738,6295.71,2171.473706754938,4124.2362932450615,4124.2362932450615,1.8992798671314985,32.448903474586324,True,True,True
TR-007455,Richmond,Nashville,794.0,Dry Van,16548.0,2025-02-17,0.89741,1.85064,5737.51,1635.1198927122512,4102.390107287749,4102.390107287749,2.508923122746014,32.27784919243344,True,True,True
TR-024829,Nashville,Oklahoma City,758.5,Dry Van,32791.0,2025-06-05,1.3751,2.36117,5664.56,1569.303921752986,4095.2560782470146,4095.2560782470146,2.6096003594207686,32.22199018716795,True,True,True
TR-013419,Columbia,Baton Rouge,711.6,Flatbed,25051.0,2025-03-26,1.15444,2.41337,5689.54,1664.7235422215097,4024.81645777849,4024.81645777849,2.41770861989945,31.670452324315914,True,True,True
TR-014103,Buffalo,Bakersfield,2536.4,Dry Van,27044.0,2025-03-30,1.03395,1.77264,846.42,4865.478985653758,-4019.058985653758,4019.058985653758,-0.8260356272227801,-31.312593887595625,True,True,True
TR-006808,Milwaukee,New York,948.4,Dry Van,38229.0,2025-02-12,1.05411,2.01773,5927.63,1921.3730171097307,4006.2569828902697,4006.2569828902697,2.085101095526351,31.525132786143796,True,True,True
TR-004490,Dayton,Harrisburg,476.7,Dry Van,44942.0,2025-01-29,1.00745,2.18594,5048.45,1046.8548903073267,4001.595109692673,4001.595109692673,3.822492636508503,31.48863060792098,True,True,True
TR-016400,Salt Lake City,Hartford,2618.1,Flatbed,-36738.0,2025-04-14,1.09914,2.17998,1211.76,5199.319278385985,-3987.5592783859847,3987.5592783859847,-0.7669387211827152,-31.065953131848,True,True,True
TR-040874,Bakersfield,Baltimore,2897.4,Reefer,25930.0,2025-09-16,0.86474,1.98679,1843.92,5820.938863231207,-3977.0188632312065,3977.0188632312065,-0.6832263586124595,-30.983422334416503,True,True,True
TR-027510,Corpus Christi,Memphis,727.0,Dry Van,28276.0,2025-06-22,1.23208,2.24986,5472.77,1510.9038348454692,3961.8661651545312,3961.8661651545312,2.6221828774163773,31.17755543434413,True,True,True
TR-040049,New York,Los Angeles,2887.9,Flatbed,31240.0,2025-09-10,0.97974,1.93114,1758.37,5699.5206576764,-3941.1506576764004,3941.1506576764004,-0.6914880907341323,-30.702576507814197,True,True,True
TR-011094,Syracuse,Phoenix,2778.7,Reefer,24563.0,2025-03-12,1.16146,1.92735,1669.29,5600.872503995579,-3931.582503995579,3931.582503995579,-0.701958936074843,-30.627658457468964,True,True,True
TR-010386,Philadelphia,Tucson,2725.3,Dry Van,33625.0,2025-03-07,1.11218,1.86147,1294.91,5215.694109997567,-3920.7841099975667,3920.7841099975667,-0.7517281549318843,-30.543107701682892,True,True,True
TR-034654,Tulsa,Lexington,714.5,Reefer,33352.0,2025-08-06,1.10457,1.74392,5683.71,1773.9055390909311,3909.804460909069,3909.804460909069,2.2040657604083678,30.76991551656792,True,True,True
TR-046174,Philadelphia,El Paso,2490.9,Dry Van,22411.0,2025-10-20,0.87879,2.40555,880.13,4781.123304565123,-3900.9933045651233,3900.9933045651233,-0.8159156449364876,-30.388146921659835,True,True,True
TR-024159,Charleston,San Francisco,2813.6,Flatbed,47500.0,2025-06-01,1.19225,2.11177,1701.75,5561.770611415177,-3860.020611415177,3860.020611415177,-0.6940272947418458,-30.067333273532487,True,True,True
TR-029268,Philadelphia,Columbia,759.6,Dry Van,33554.0,2025-07-03,1.36982,2.03043,5397.96,1571.3432898672168,3826.6167101327833,3826.6167101327833,2.4352518859555787,30.118560583457196,True,True,True
TR-002470,Tucson,Albuquerque,441.5,Flatbed,47369.0,2025-01-16,1.02664,2.44883,4989.66,1163.9659716272138,3825.6940283727863,3825.6940283727863,3.28677480409887,30.11133604245859,True,True,True
TR-023605,San Francisco,Grand Rapids,2308.9,Reefer,23874.0,2025-05-29,1.41726,2.04136,930.2,4729.876922117755,-3799.6769221177556,3799.6769221177556,-0.8033352631967616,-29.59484592606617,True,True,True
TR-039909,Montgomery,Washington,838.2,Reefer,31435.0,2025-09-10,0.97825,2.30039,5795.79,2003.2417533912435,3792.5482466087565,3792.5482466087565,1.8932054706769343,29.851806625418902,True,True,True
TR-009527,Harrisburg,Kansas City,800.6,Dry Van,17648.0,2025-03-02,0.98947,1.90603,5417.77,1647.3561013976357,3770.4138986023645,3770.4138986023645,2.2887667671874357,29.678496052280256,True,True,True
TR-008204,Los Angeles,Philadelphia,2994.6,Flatbed,19439.0,2025-02-22,1.00997,1.81841,2134.82,5897.339364756783,-3762.5193647567826,3762.5193647567826,-0.6380028572277959,-29.303904554727715,True,True,True
TR-005683,Savannah,Reno,2323.1,Flatbed,44252.0,2025-02-05,1.05019,1.96689,908.76,4652.397829569557,-3743.6378295695567,3743.6378295695567,-0.8046684670377642,-29.156063304373713,True,True,True
TR-002048,Mobile,Harrisburg,927.5,Dry Van,37585.0,2025-01-13,0.85003,1.86657,5623.85,1882.6250229393465,3741.224977060654,3741.224977060654,1.9872385267776116,29.449948605559353,True,True,True
TR-001556,El Paso,New York,2415.0,Dry Van,39284.0,2025-01-10,0.97093,1.83237,911.44,4640.406904683201,-3728.966904683201,3728.966904683201,-0.8035861900213632,-29.041190871727665,True,True,True
TR-043917,Nashville,Dayton,424.2,Dry Van,25622.0,2025-10-05,0.891,1.86875,4646.65,949.5214121281319,3697.1285878718677,3697.1285878718677,3.8936758462198466,29.10467661103544,True,True,True
TR-022499,Amarillo,Albuquerque,408.7,Dry Van,16038.0,2025-05-22,1.44759,1.83873,4613.61,920.7848614276077,3692.825138572392,3692.825138572392,4.010518953197106,29.070980869721993,True,True,True
TR-031963,Columbia,Reno,2254.9,Flatbed,28843.0,2025-07-20,1.0984,2.2141,858.34,4525.9570064872505,-3667.6170064872504,3667.6170064872504,-0.8103517115231753,-28.56082497094454,True,True,True
TR-022474,Harrisburg,Chattanooga,706.3,Flatbed,31357.0,2025-05-22,1.38862,1.80194,5280.41,1654.8974958529432,3625.5125041470565,3625.5125041470565,2.190777684558914,28.543927113796677,True,True,True
TR-000389,Corpus Christi,Chattanooga,823.0,Flatbed,39556.0,2025-01-03,0.92409,2.22467,5485.49,1871.2559130626964,3614.2340869373033,3614.2340869373033,1.9314483185904079,28.45561780601157,True,True,True
TR-024282,Fresno,Tampa,2276.5,Reefer,33529.0,2025-06-02,1.24285,2.203,1061.17,4669.808261298595,-3608.6382612985954,3608.6382612985954,-0.7727594066774582,-28.099025051258987,True,True,True
TR-004780,Greensboro,Little Rock,650.5,Reefer,33024.0,2025-01-31,1.01503,2.47628,5256.86,1655.2513942629603,3601.6086057370394,3601.6086057370394,2.175868039271908,28.356761070663545,True,True,True
TR-046731,Kansas City,Atlanta,479.3,Dry Van,36432.0,2025-10-23,1.07167,1.72672,4635.85,1051.675214940963,3584.1747850590373,3584.1747850590373,3.4080624266306767,28.22025533519628,True,True,True
TR-025178,New York,Jacksonville,949.4,Dry Van,42968.0,2025-06-08,1.21727,2.07421,5505.06,1923.2269881226678,3581.833011877333,3581.833011877333,1.8624078353713678,28.201919396312302,True,True,True
TR-007691,Syracuse,Los Angeles,2810.2,Dry Van,24949.0,2025-02-18,0.97362,1.63687,1816.76,5373.096248995921,-3556.336248995921,3556.336248995921,-0.6618783815124285,-27.689503536287624,True,True,True
TR-012059,Cincinnati,Los Angeles,2151.7,Reefer,38264.0,2025-03-18,1.06251,2.12013,885.88,4438.432678884052,-3552.5526788840516,3552.5526788840516,-0.8004070211057621,-27.6598784167942,True,True,True
TR-002203,Raleigh,Las Vegas,2554.1,Dry Van,12813.0,2025-01-14,0.91117,1.6792,1347.3,4898.294272582744,-3550.994272582744,3550.994272582744,-0.7249450676041961,-27.647676192035448,True,True,True
TR-003756,Boston,Amarillo,2313.7,Reefer,36395.0,2025-01-24,0.97207,2.07511,1209.46,4738.775982979853,-3529.3159829798533,3529.3159829798533,-0.7447737550067807,-27.47793652793251,True,True,True
TR-029055,Hartford,Tucson,2781.7,Flatbed,38016.0,2025-07-02,1.36334,2.05533,1984.68,5502.628936102486,-3517.9489361024853,3517.9489361024853,-0.6393214910461054,-27.388933255342703,True,True,True
TR-019914,Dallas,Cincinnati,698.4,Dry Van,18470.0,2025-05-06,1.31168,2.00137,4972.59,1457.8802638754696,3514.7097361245305,3514.7097361245305,2.410835665462272,27.676348307057626,True,True,True
TR-023560,Reno,Jacksonville,2282.9,Dry Van,20130.0,2025-05-29,1.39203,2.38088,885.49,4395.497333874217,-3510.007333874217,3510.007333874217,-0.7985461182797434,-27.326751002067258,True,True,True
TR-015954,Montgomery,Raleigh,675.2,Dry Van,40530.0,2025-04-11,1.17294,1.93045,4874.66,1414.8681363753303,3459.7918636246695,3459.7918636246695,2.445310467227082,27.2463447688573,True,True,True
TR-040601,Fort Wayne,Phoenix,2210.6,Dry Van,24954.0,2025-09-14,0.78281,1.72726,808.74,4261.455229638868,-3452.7152296388685,3452.7152296388685,-0.8102197591153538,-26.878157376518416,True,True,True
TR-014113,Reno,Oklahoma City,1459.0,Dry Van,23804.0,2025-03-31,0.9998,1.89762,6302.61,2868.010616315386,3434.5993836846137,3434.5993836846137,1.1975546269410746,27.04908921220236,True,True,True
TR-045988,Hartford,Fort Wayne,832.2,Flatbed,33558.0,2025-10-19,0.86136,1.92609,5308.55,1888.3124463817173,3420.2375536182826,3420.2375536182826,1.8112667531117308,26.93663697284131,True,True,True
TR-022255,Greensboro,Cincinnati,314.7,Reefer,-36485.0,2025-05-21,1.37257,1.24215,4445.23,1032.6879281187005,3412.5420718812993,3412.5420718812993,3.304524027987912,26.876381827759584,True,True,True
TR-047504,Bakersfield,Montgomery,2063.5,Reefer,18258.0,2025-10-29,1.00768,2.06983,880.04,4274.912435543005,-3394.872435543005,3394.872435543005,-0.7941384734145517,-26.42525188349012,True,True,True
TR-017982,Richmond,Phoenix,2738.2,Flatbed,7463.0,2025-04-23,1.32299,2.14561,2035.77,5421.981197039724,-3386.211197039724,3386.211197039724,-0.6245339247743088,-26.357434922779976,True,True,True
TR-036655,Los Angeles,Columbia,2328.0,Dry Van,33061.0,2025-08-20,1.07686,2.2427,1098.68,4479.111426557678,-3380.4314265576777,3380.4314265576777,-0.7547102772470283,-26.31217967810035,True,True,True
TR-005524,Lexington,Richmond,574.8,Flatbed,32384.0,2025-02-04,0.96078,2.13407,4790.22,1411.1003076517218,3379.1196923482785,3379.1196923482785,2.394670084064846,26.614686667330535,True,True,True
TR-031131,Dayton,Baltimore,819.7,Dry Van,14146.0,2025-07-15,1.21306,2.1938,5061.61,1682.7669477447332,3378.8430522552662,3378.8430522552662,2.0079090909074706,26.612520592546705,True,True,True
TR-034753,Washington,Bakersfield,2565.3,Reefer,21224.0,2025-08-07,1.10531,2.12852,1830.62,5205.235089834814,-3374.615089834814,3374.615089834814,-0.6483117537620968,-26.266638122021277,True,True,True
TR-012214,Green Bay,Atlanta,775.0,Dry Van,47500.0,2025-03-19,1.1708,2.11848,4946.86,1599.8944434664472,3346.9655565335524,3346.9655565335524,2.091991487439493,26.362921776617746,True,True,True
TR-030342,Atlanta,Reno,2086.4,Reefer,29392.0,2025-07-10,1.31695,1.95482,975.29,4317.368371739263,-3342.0783717392633,3342.0783717392633,-0.7741008141941101,-26.011877635759742,True,True,True
TR-007376,Tampa,Fresno,2266.3,Flatbed,22879.0,2025-02-16,0.88669,1.88591,1206.18,4547.092276034733,-3340.9122760347327,3340.9122760347327,-0.7347359748212888,-26.00274717866074,True,True,True
TR-014084,Oklahoma City,Baton Rouge,425.6,Dry Van,47500.0,2025-03-30,1.04176,2.4057,4285.27,952.1169715462438,3333.1530284537566,3333.1530284537566,3.500781025928669,26.25477053776889,True,True,True
TR-044423,Montgomery,Raleigh,679.7,Dry Van,33249.0,2025-10-08,1.06877,1.89541,4747.88,1423.2110059335469,3324.6689940664533,3324.6689940664533,2.3360337857179907,26.188341074304823,True,True,True
TR-000509,Las Vegas,Grand Rapids,1976.4,Flatbed,28233.0,2025-01-04,0.86314,1.82202,699.41,4009.6260793842844,-3310.2160793842845,3310.2160793842845,-0.8255672758125614,-25.762397861250108,True,True,True
TR-000051,Los Angeles,Green Bay,2202.5,Reefer,26740.0,2025-01-01,1.00748,1.86794,1243.45,4532.614406341254,-3289.164406341254,3289.164406341254,-0.7256660530707446,-25.597564565977017,True,True,True
TR-003996,Bakersfield,Jacksonville,2185.6,Reefer,16709.0,2025-01-26,0.85549,1.88893,1220.91,4501.282296222617,-3280.3722962226175,3280.3722962226175,-0.7287639566564038,-25.528722888629257,True,True,True
TR-006809,Hartford,Savannah,782.2,Dry Van,35670.0,2025-02-12,1.05536,1.98109,4887.74,1613.2430347595941,3274.4969652404056,3274.4969652404056,2.0297604853619418,25.795497197952116,True,True,True
TR-043705,New York,Austin,1943.2,Reefer,37091.0,2025-10-04,0.92669,1.95753,785.33,4051.879722686678,-3266.5497226866783,3266.5497226866783,-0.8061813149085107,-25.420492994481354,True,True,True
TR-007842,Raleigh,Greensboro,353.0,Reefer,28610.0,2025-02-19,1.02559,2.53068,4368.67,1103.6950179141893,3264.9749820858106,3264.9749820858106,2.9582220895189884,25.720940659965862,True,True,True
TR-046583,Columbia,Shreveport,645.1,Reefer,13316.0,2025-10-22,1.04805,1.66524,4892.72,1645.2399507931,3247.4800492069003,3247.4800492069003,1.9738640844707356,25.58395641975285,True,True,True
TR-015749,Lexington,Phoenix,2205.5,Dry Van,39482.0,2025-04-09,1.22605,2.25464,1006.74,4251.999977472889,-3245.2599774728897,3245.2599774728897,-0.7632314192535955,-25.253795608865484,True,True,True
TR-022004,San Francisco,Greensboro,2524.6,Dry Van,42763.0,2025-05-19,1.21176,2.20569,1604.14,4843.602127701101,-3239.462127701101,3239.462127701101,-0.6688125990312572,-25.208398804467617,True,True,True
TR-045022,Jacksonville,Reno,2304.8,Flatbed,32119.0,2025-10-12,0.89358,2.16823,1384.9,4618.47016003281,-3233.57016003281,3233.57016003281,-0.7001388009422234,-25.16226506277299,True,True,True
TR-027639,Bakersfield,Lexington,2096.5,Dry Van,34288.0,2025-06-23,1.19514,1.99152,854.19,4049.917137062752,-3195.727137062752,3195.727137062752,-0.7890845735625319,-24.865956538196357,True,True,True
TR-035197,Amarillo,Fresno,1031.1,Reefer,25279.0,2025-08-10,0.87449,2.15829,5553.52,2360.8727617867994,3192.647238213201,3192.647238213201,1.3523165203519407,25.154618907874173,True,True,True
TR-038838,Fort Wayne,Hartford,858.3,Dry Van,36326.0,2025-09-03,0.98087,1.99092,4931.28,1754.330228844103,3176.949771155897,3176.949771155897,1.8109189016535003,25.031708713648406,True,True,True
TR-035103,San Francisco,Baton Rouge,2052.0,Dry Van,47500.0,2025-08-09,0.96072,1.96295,795.36,3967.4154269870533,-3172.055426987053,3172.055426987053,-0.7995269175519603,-24.680608515331333,True,True,True
TR-010916,San Francisco,Tucson,682.8,Flatbed,35029.0,2025-03-11,1.03993,2.32166,4776.34,1611.3291770489225,3165.010822951078,3165.010822951078,1.9642236161500246,24.938227489107607,True,True,True
TR-031019,Lexington,Bakersfield,2107.3,Dry Van,26004.0,2025-07-14,1.17679,2.30247,926.82,4069.9400240024725,-3143.1200240024723,3143.1200240024723,-0.7722767425234576,-24.454046103201225,True,True,True
TR-011493,Philadelphia,Raleigh,439.4,Dry Van,28125.0,2025-03-14,1.11399,2.14612,4081.58,977.7017715247749,3103.878228475225,3103.878228475225,3.1746676940500693,24.459563062985687,True,True,True
TR-040060,Mobile,Tampa,327.0,Dry Van,34212.0,2025-09-10,0.99682,2.4869,3869.45,769.3154296706512,3100.1345703293487,3100.1345703293487,4.029731434941499,24.430250451712492,True,True,True
TR-011344,San Antonio,Columbia,1111.0,Dry Van,34745.0,2025-03-13,1.15734,2.03474,5316.68,2222.8287038132944,3093.851296186706,3093.851296186706,1.3918532232731924,24.38105280457447,True,True,True
TR-018296,Reno,Savannah,2396.8,Dry Van,11146.0,2025-04-25,1.34427,2.40356,1535.71,4606.664632247747,-3070.954632247747,3070.954632247747,-0.6666329931530798,-23.88899555813098,True,True,True
TR-046671,Grand Rapids,Tucson,2021.2,Dry Van,38462.0,2025-10-23,0.99657,2.22763,849.97,3910.3131197885928,-3060.343119788593,3060.343119788593,-0.7826337753622266,-23.805908073212393,True,True,True
TR-000871,Tulsa,Baton Rouge,305.6,Reefer,26447.0,2025-01-06,0.80857,2.64181,4069.24,1015.8167919009735,3053.4232080990264,3053.4232080990264,3.005879832312014,24.064503380333377,True,True,True
TR-040679,Jacksonville,Baton Rouge,575.6,Dry Van,38260.0,2025-09-14,0.79167,2.28956,4277.4,1230.2126234868006,3047.187376513199,3047.187376513199,2.47695993224044,24.015677205475022,True,True,True
TR-029645,Green Bay,Jacksonville,1008.7,Reefer,23666.0,2025-07-06,1.15901,1.92733,5358.34,2319.3438110970096,3038.9961889029905,3038.9961889029905,1.3102827508206287,23.951540714126757,True,True,True
TR-010186,Austin,Columbia,1201.7,Dry Van,22602.0,2025-03-06,1.10888,1.88542,5426.96,2390.9838746866844,3035.9761253133156,3035.9761253133156,1.269760184271904,23.927893803384656,True,True,True
TR-041089,Fort Wayne,Lexington,354.9,Dry Van,30394.0,2025-09-17,0.95333,2.30288,3848.82,821.0412209315947,3027.7787790684056,3027.7787790684056,3.687730532741018,23.863709090308355,True,True,True
TR-013198,Bakersfield,Cincinnati,1999.4,Flatbed,47500.0,2025-03-25,1.05896,2.2469,1028.16,4052.267412681836,-3024.1074126818357,3024.1074126818357,-0.7462753823248914,-23.522184732233807,True,True,True
TR-009695,Boston,Louisville,1206.3,Dry Van,29562.0,2025-03-03,0.97512,1.92897,5417.5,2399.5121413461948,3017.9878586538052,3017.9878586538052,1.2577506096554394,23.78704679024335,True,True,True
TR-024401,Toledo,Mobile,877.7,Dry Van,32470.0,2025-06-03,1.28767,2.16388,4802.35,1790.2972664950819,3012.0527335049183,3012.0527335049183,1.682431621761733,23.740575128150294,True,True,True
TR-004420,San Antonio,Columbia,1134.3,Dry Van,28778.0,2025-01-28,0.93969,1.85769,5271.0,2266.0262284147275,3004.9737715852725,3004.9737715852725,1.3260984069401085,23.685147295030195,True,True,True
TR-001418,Dallas,Atlanta,613.6,Flatbed,22461.0,2025-01-09,1.00981,2.25857,4485.75,1483.0343829536791,3002.715617046321,3002.715617046321,2.0247107225295577,23.6674660849368,True,True,True
TR-022465,Kansas City,Los Angeles,1909.1,Dry Van,32899.0,2025-05-22,1.41012,2.09782,709.46,3702.4829692383496,-2993.0229692383496,2993.0229692383496,-0.8083826432438809,-23.27879546649485,True,True,True
TR-009877,Richmond,Savannah,518.6,Dry Van,47500.0,2025-03-04,1.01704,2.2504,4109.58,1124.536275749389,2985.043724250611,2985.043724250611,2.654466368602812,23.529096259542136,True,True,True
TR-025800,Indianapolis,Buffalo,684.6,Dry Van,33312.0,2025-06-12,,2.20506,4396.72,1432.2954638969384,2964.4245361030617,2964.4245361030617,2.0697018253744663,23.367649294197896,True,True,True
TR-002219,Columbia,Tulsa,795.6,Flatbed,33977.0,2025-01-14,0.92936,2.14607,4773.73,1820.4571073082213,2953.272892691778,2953.272892691778,1.6222699677107855,23.280332617398145,True,True,True
TR-024128,Greensboro,Baton Rouge,816.3,Dry Van,30121.0,2025-06-01,1.21001,2.09527,4621.66,1676.4634463007471,2945.196553699253,2945.196553699253,1.7567913933334296,23.217095383608726,True,True,True
TR-011363,Providence,New York,361.0,Dry Van,43114.0,2025-03-14,1.14384,2.33597,3760.75,832.3504441105107,2928.3995558894894,2928.3995558894894,3.518229102429226,23.085575931733388,True,True,True
TR-043674,Milwaukee,Los Angeles,2071.4,Flatbed,44838.0,2025-10-04,0.90021,1.99833,1274.95,4185.753325613303,-2910.803325613303,2910.803325613303,-0.6954072777776048,-22.635020752380974,True,True,True
TR-016104,Mobile,Memphis,327.2,Dry Van,42497.0,2025-04-12,1.07548,1.62054,3678.14,769.6862238732385,2908.453776126761,2908.453776126761,3.7787525434595297,22.929401712308564,True,True,True
TR-015156,El Paso,Detroit,1866.5,Dry Van,34885.0,2025-04-06,1.03645,2.29963,731.82,3623.503804087232,-2891.6838040872317,2891.6838040872317,-0.7980352610160024,-22.48531608374275,True,True,True
TR-021071,Corpus Christi,Atlanta,843.7,Dry Van,29001.0,2025-05-13,1.30145,1.94637,4610.02,1727.2622520552222,2882.757747944778,2882.757747944778,1.6689751336339709,22.72820340412618,True,True,True
TR-021391,Lexington,Bakersfield,2102.3,Reefer,24192.0,2025-05-15,1.42676,2.02086,1467.67,4346.846510844962,-2879.1765108449617,2879.1765108449617,-0.6623598288234228,-22.387384752781248,True,True,True
TR-030750,Philadelphia,Louisville,947.0,Dry Van,27438.0,2025-07-13,1.1562,2.19511,4795.16,1918.777457691619,2876.382542308381,2876.382542308381,1.4990704267334922,22.678285939089413,True,True,True
TR-037944,Albany,Green Bay,978.6,Dry Van,29194.0,2025-08-28,1.0234,2.0391,4845.77,1977.3629417004297,2868.407058299571,2868.407058299571,1.450622441539685,22.615838393572112,True,True,True
TR-045419,Savannah,Dayton,566.1,Reefer,30448.0,2025-10-15,1.05078,1.77099,4350.23,1498.7762407710738,2851.4537592289257,2851.4537592289257,1.9025213248389508,22.483095112510664,True,True,True
TR-024131,Lexington,Memphis,333.6,Dry Van,32389.0,2025-06-01,1.22352,2.46802,3631.52,781.5516383560357,2849.9683616439643,2849.9683616439643,3.6465515799298496,22.471464541476266,True,True,True
TR-000786,Kansas City,Charleston,861.5,Dry Van,28959.0,2025-01-06,0.83097,1.91323,4587.83,1760.2629360855017,2827.5670639144982,2827.5670639144982,1.606332216596279,22.296063768549857,True,True,True
TR-009387,Los Angeles,Las Vegas,402.5,Flatbed,34901.0,2025-03-01,1.01917,2.488,3915.85,1091.661102122669,2824.188897877331,2824.188897877331,2.5870564522138477,22.269612937836893,True,True,True
TR-006378,Oklahoma City,Memphis,681.2,Dry Van,24581.0,2025-02-10,0.89574,2.07664,4241.97,1425.9919624529525,2815.9780375470477,2815.9780375470477,1.9747502873039193,22.20532241030964,True,True,True
TR-044287,Mobile,Richmond,944.9,Dry Van,37887.0,2025-10-08,1.03164,1.99996,4729.66,1914.884118564451,2814.775881435549,2814.775881435549,1.4699458072406637,22.19590960245888,True,True,True
TR-035298,Montgomery,Kansas City,749.2,Reefer,37715.0,2025-08-11,0.96693,2.0783,4651.57,1838.2383332398467,2813.331666760153,2813.331666760153,1.530449896451528,22.184601491054114,True,True,True
TR-010863,Toledo,Albuquerque,1642.3,Reefer,26505.0,2025-03-10,0.98754,1.97065,690.15,3494.019844893921,-2803.869844893921,2803.869844893921,-0.8024767944553695,-21.7977382254308,True,True,True
TR-002512,Buffalo,San Antonio,1644.3,Flatbed,22022.0,2025-01-16,0.99936,1.87307,596.04,3393.9223059878914,-2797.8823059878914,2797.8823059878914,-0.8243801872104121,-21.7508561668676,True,True,True
TR-017929,Buffalo,Lexington,563.2,Dry Van,27442.0,2025-04-23,1.31755,2.07736,4004.08,1207.2233829263812,2796.8566170736185,2796.8566170736185,2.3167680949766494,22.055602873031287,True,True,True
TR-043131,Charleston,Nashville,568.0,Dry Van,38481.0,2025-09-30,0.88423,2.22526,4000.2,1216.122443788479,2784.077556211521,2784.077556211521,2.2893069447337306,21.955543618449035,True,True,True
TR-040724,Bakersfield,Tucson,331.4,Dry Van,47500.0,2025-09-15,0.82591,2.41301,3515.75,777.4729021275741,2738.2770978724257,2738.2770978724257,3.5220225558718017,21.596928868085975,True,True,True
TR-035023,Charleston,Richmond,387.4,Reefer,18109.0,2025-08-09,0.97004,1.93055,3901.56,1167.4716207592237,2734.0883792407762,2734.0883792407762,2.3418885141402916,21.564131460791305,True,True,True
TR-045555,Reno,Columbia,2294.2,Dry Van,25540.0,2025-10-16,1.01971,2.35968,1687.37,4416.447206320406,-2729.077206320406,2729.077206320406,-0.6179349777836823,-21.212116500590106,True,True,True
TR-039656,Fort Wayne,Tucson,1939.9,Dry Van,21852.0,2025-09-08,0.78543,1.78484,1039.33,3759.585276436811,-2720.255276436811,2720.255276436811,-0.7235519549153473,-21.14304133633077,True,True,True
TR-005263,San Antonio,Boston,2059.5,Dry Van,22604.0,2025-02-03,0.8835,1.72398,1261.24,3981.320209584081,-2720.080209584081,2720.080209584081,-0.6832106101478939,-21.141670573723466,True,True,True
TR-029478,Bakersfield,Milwaukee,1844.1,Reefer,24902.0,2025-07-05,1.21119,2.14655,1148.65,3868.1511953046165,-2719.5011953046164,2719.5011953046164,-0.7030493530360713,-21.13713692779902,True,True,True
TR-044215,Nashville,Tucson,1770.0,Dry Van,27030.0,2025-10-07,0.96364,2.20342,725.75,3444.595601338807,-2718.845601338807,2718.845601338807,-0.7893076331753069,-21.132003667676432,True,True,True
TR-018163,Mobile,Phoenix,1912.9,Reefer,31324.0,2025-04-25,1.34225,1.93084,1282.13,3995.704400994686,-2713.5744009946857,2713.5744009946857,-0.6791229101730277,-21.090730495658697,True,True,True
TR-010174,Chattanooga,Mobile,307.9,Flatbed,30742.0,2025-03-06,1.12484,2.649,3624.74,916.2754442988245,2708.4645557011754,2708.4645557011754,2.955950170392065,21.363498510483968,True,True,True
TR-020578,Detroit,Phoenix,2355.2,Flatbed,43818.0,2025-05-10,1.21426,2.10106,2028.06,4711.910299084836,-2683.850299084836,2683.850299084836,-0.5695885805818721,-20.85799261982247,True,True,True
TR-022522,Salt Lake City,Green Bay,1732.9,Dry Van,22920.0,2025-05-22,1.35756,2.32433,698.43,3375.8132767588427,-2677.383276758843,2677.383276758843,-0.7931076328159445,-20.807356235796398,True,True,True
TR-015478,Columbia,Washington,542.8,Dry Van,38195.0,2025-04-08,1.12919,1.90426,3839.88,1169.4023742624654,2670.4776257375347,2670.4776257375347,2.2836259652899953,21.066063203066058,True,True,True
TR-002769,Amarillo,Las Vegas,742.2,Reefer,34155.0,2025-01-18,0.87009,2.25991,4491.82,1825.2605361492874,2666.5594638507123,2666.5594638507123,1.4609199130970612,21.03538423831593,True,True,True
TR-046980,San Francisco,Green Bay,2242.7,Reefer,20592.0,2025-10-25,0.88228,2.00185,1955.15,4607.144041061323,-2651.994041061323,2651.994041061323,-0.5756264656423457,-20.60856009375424,True,True,True
TR-029888,Mobile,Cincinnati,458.6,Flatbed,37932.0,2025-07-07,1.18456,1.68712,3845.66,1195.6688759484373,2649.9911240515626,2649.9911240515626,2.2163252530509476,20.905655164492874,True,True,True
TR-028750,Memphis,Grand Rapids,644.8,Reefer,34743.0,2025-06-30,1.19912,2.63296,4288.85,1644.683759489219,2644.1662405107813,2644.1662405107813,1.607704961671152,20.860046687359183,True,True,True
TR-029790,Savannah,Detroit,842.0,Dry Van,27870.0,2025-07-07,1.16853,2.07064,4351.72,1724.1105013332292,2627.6094986667713,2627.6094986667713,1.52403775548892,20.7304084248061,True,True,True
TR-024102,Fort Wayne,El Paso,1722.1,Reefer,11753.0,2025-06-01,1.26644,2.09874,1024.2,3641.966731726297,-2617.7667317262967,2617.7667317262967,-0.7187783207688643,-20.340562382860107,True,True,True
TR-003880,Toledo,Madison,343.2,Dry Van,40670.0,2025-01-25,0.90955,2.27285,3402.85,799.3497600802312,2603.500239919769,2603.500239919769,3.2570226075484827,20.54163442296135,True,True,True
TR-027841,Baton Rouge,Phoenix,1688.9,Dry Van,20304.0,2025-06-24,1.26086,1.93421,704.57,3294.2385521896126,-2589.6685521896125,2589.6685521896125,-0.7861205286630846,-20.120555378441047,True,True,True
TR-022459,Salt Lake City,Mobile,1632.3,Dry Van,-32048.0,2025-05-22,1.43189,2.10748,599.77,3189.303792857376,-2589.533792857376,2589.533792857376,-0.8119432832509658,-20.119500221221195,True,True,True
TR-021969,Jacksonville,Columbia,254.5,Dry Van,32993.0,2025-05-19,1.21285,1.52868,3220.66,634.9025312327154,2585.7574687672845,2585.7574687672845,4.0726841390076425,20.402709624425754,True,True,True
TR-002976,Green Bay,Syracuse,641.6,Dry Van,26110.0,2025-01-19,0.84768,1.92478,3937.32,1352.5747103406454,2584.745289659355,2584.745289659355,1.9109815301872588,20.39478432473933,True,True,True
TR-031303,Milwaukee,Dallas,778.6,Flatbed,29248.0,2025-07-16,1.302,1.76422,4358.6,1788.9396000882916,2569.6603999117087,2569.6603999117087,1.4364154048492668,20.27667057288439,True,True,True
TR-021924,Corpus Christi,Syracuse,1694.9,Dry Van,18200.0,2025-05-19,1.22762,2.19836,753.25,3305.362378267235,-2552.112378267235,2552.112378267235,-0.7721127326454066,-19.826492864130607,True,True,True
TR-004795,Buffalo,Corpus Christi,1522.6,Flatbed,25406.0,2025-01-31,1.02485,1.94352,617.89,3168.294033713453,-2550.404033713453,2550.404033713453,-0.8049770654411795,-19.813116632147235,True,True,True
TR-030321,El Paso,Dayton,1691.6,Dry Van,23483.0,2025-07-10,1.36662,2.21696,768.57,3299.2442739245425,-2530.6742739245424,2530.6742739245424,-0.7670466518425552,-19.65863383572981,True,True,True
TR-023776,Kansas City,Reno,1678.0,Dry Van,28419.0,2025-05-30,1.385,2.19945,751.94,3274.0302681485987,-2522.0902681485986,2522.0902681485986,-0.7703319949985655,-19.591421602488307,True,True,True
TR-035209,Washington,Cincinnati,649.3,Dry Van,29519.0,2025-08-10,0.92467,2.25438,3882.23,1366.8502871402607,2515.3797128597394,2515.3797128597394,1.8402744883804683,19.851656157252197,True,True,True
TR-031788,Madison,San Francisco,2021.3,Dry Van,35240.0,2025-07-19,1.17837,2.20245,1398.67,3910.498516889886,-2511.828516889886,2511.828516889886,-0.6423294897162124,-19.511072726093115,True,True,True
TR-039785,Green Bay,El Paso,1674.6,Dry Van,32548.0,2025-09-09,0.89332,1.87674,776.5,3267.7267667046126,-2491.2267667046126,2491.2267667046126,-0.7623730331703734,-19.349762298912797,True,True,True
TR-045834,Amarillo,Greensboro,1478.5,Reefer,7483.0,2025-10-18,,1.94687,700.21,3190.339392974833,-2490.129392974833,2490.129392974833,-0.7805217834999402,-19.34116993061713,True,True,True
TR-016926,Lexington,Phoenix,2189.0,Dry Van,37555.0,2025-04-17,1.34579,2.16252,1741.73,4221.409455759429,-2479.679455759429,2479.679455759429,-0.587405576679208,-19.25934756984366,True,True,True
TR-037876,Albany,Dallas,1750.1,Dry Van,23786.0,2025-08-28,1.07053,2.03824,929.34,3407.7015781813593,-2478.361578181359,2478.361578181359,-0.7272824574926613,-19.249028670081355,True,True,True
TR-046179,Philadelphia,Houston,1589.7,Dry Van,32848.0,2025-10-20,0.90507,2.21539,643.58,3110.3246277062576,-2466.7446277062577,2466.7446277062577,-0.7930826916691924,-19.158068667808795,True,True,True
TR-033550,Phoenix,Madison,1990.3,Dry Van,31887.0,2025-07-30,1.1082,2.35381,1398.59,3853.0254154888376,-2454.435415488838,2454.435415488838,-0.637015111715125,-19.061688298996025,True,True,True
TR-037427,Las Vegas,Baton Rouge,1552.6,Dry Van,33274.0,2025-08-25,0.91878,1.89405,633.84,3041.542303126293,-2407.702303126293,2407.702303126293,-0.791605726032974,-18.695770925429546,True,True,True
TR-017208,San Antonio,Memphis,782.8,Dry Van,28855.0,2025-04-19,1.1956,2.01511,4002.84,1614.355417367356,2388.484582632644,2388.484582632644,1.4795283349237403,18.858075151757483,True,True,True
TR-036961,Baton Rouge,Phoenix,1641.0,Reefer,41326.0,2025-08-22,0.98632,2.11313,1109.67,3491.609682577103,-2381.9396825771028,2381.9396825771028,-0.6821895627288529,-18.494051203138916,True,True,True
TR-007985,Kansas City,Los Angeles,1878.5,Dry Van,35856.0,2025-02-20,1.15977,1.89524,1268.13,3645.7514562424763,-2377.621456242476,2377.621456242476,-0.652162245501231,-18.460239758556025,True,True,True
TR-045425,Mobile,Boston,1402.1,Flatbed,41610.0,2025-10-15,1.00826,1.95345,568.26,2944.890526654539,-2376.6305266545387,2376.6305266545387,-0.8070352718185568,-18.452480841294225,True,True,True
TR-004315,Harrisburg,Savannah,568.4,Dry Van,32405.0,2025-01-28,0.90996,2.00282,3589.02,1216.8640321936537,2372.1559678063463,2372.1559678063463,1.9494010054106339,18.730223109615167,True,True,True
TR-016041,Las Vegas,Mobile,1826.7,Dry Van,38387.0,2025-04-11,1.21456,2.16057,1193.79,3549.7157577723374,-2355.9257577723374,2355.9257577723374,-0.6636941993493091,-18.29036378410143,True,True,True
TR-017795,Richmond,Albany,590.0,Dry Van,34876.0,2025-04-22,1.27436,2.06192,3600.02,1256.909806073094,2343.110193926906,2343.110193926906,1.8641832394063171,18.502796500218427,True,True,True
TR-038329,Los Angeles,Mobile,1978.9,Dry Van,36514.0,2025-08-30,0.90808,1.78072,1501.74,3831.8901459413555,-2330.1501459413557,2330.1501459413557,-0.6080941929949099,-18.088542340879492,True,True,True
TR-021436,Tucson,Birmingham,1824.3,Dry Van,28676.0,2025-05-16,1.35397,2.25138,1216.1,3545.2662273412884,-2329.1662273412885,2329.1662273412885,-0.6569792162232078,-18.080838319218216,True,True,True
TR-035015,Syracuse,Oklahoma City,1638.5,Flatbed,34982.0,2025-08-09,1.03057,2.15316,1056.79,3383.169274112857,-2326.379274112857,2326.379274112857,-0.6876331290644291,-18.059016648157897,True,True,True
TR-009429,Louisville,Shreveport,510.2,Flatbed,39971.0,2025-03-02,0.91587,2.46249,3587.96,1291.3337802159886,2296.6262197840115,2296.6262197840115,1.7784915526641591,18.13882986347175,True,True,True
TR-042354,Chattanooga,Little Rock,363.4,Flatbed,41817.0,2025-09-25,0.96197,2.84782,3286.31,1019.1708355168305,2267.139164483169,2267.139164483169,2.224493760492551,17.90794804789335,True,True,True
TR-015538,Tulsa,Lubbock,460.6,Dry Van,37857.0,2025-04-08,1.14346,1.63673,3271.83,1017.0059569990403,2254.8240430009596,2254.8240430009596,2.2171197990368183,17.811521409903495,True,True,True
TR-020759,Richmond,Oklahoma City,1513.7,Dry Van,24586.0,2025-05-11,1.15383,2.22958,715.74,2969.4228307230424,-2253.6828307230426,2253.6828307230426,-0.7589632595955625,-17.489808001696236,True,True,True
TR-002804,Oklahoma City,Birmingham,824.1,Dry Van,31040.0,2025-01-18,0.85818,2.08475,3930.74,1690.9244202016562,2239.8155797983436,2239.8155797983436,1.3246101085530646,17.694006073159695,True,True,True
TR-044524,Tampa,Mobile,310.0,Dry Van,12098.0,2025-10-09,1.06272,1.70896,2940.49,737.7979224507214,2202.692077549278,2202.692077549278,2.9854950936059312,17.403331351236943,True,True,True
TR-030892,Montgomery,Memphis,404.2,Dry Van,28935.0,2025-07-13,1.11119,1.7271,3108.39,912.441991869391,2195.9480081306087,2195.9480081306087,2.4066713585064172,17.350525705644905,True,True,True
TR-029056,El Paso,Indianapolis,1450.0,Dry Van,16574.0,2025-07-02,1.31334,2.16603,667.86,2851.3248771989524,-2183.4648771989523,2183.4648771989523,-0.7657720432558762,-16.94000577728156,True,True,True
TR-039546,Bakersfield,Memphis,1787.5,Flatbed,42162.0,2025-09-07,0.83141,2.11675,1477.09,3659.4109550404764,-2182.3209550404763,2182.3209550404763,-0.5963585347074903,-16.931048937673985,True,True,True
TR-019008,Lubbock,Los Angeles,1219.3,Reefer,23183.0,2025-04-30,1.38056,1.81617,539.3,2709.790106421551,-2170.490106421551,2170.490106421551,-0.8009808956339501,-16.83841412619138,True,True,True
TR-033647,Memphis,Savannah,536.0,Dry Van,24842.0,2025-07-31,1.12853,1.97714,3325.09,1156.7953713744935,2168.2946286255064,2168.2946286255064,1.87439773903068,17.134001457907146,True,True,True
TR-016128,Albuquerque,Atlanta,1580.8,Dry Van,19296.0,2025-04-12,1.11437,2.31178,927.08,3093.824285691118,-2166.744285691118,2166.744285691118,-0.700344972955404,-16.80908458201513,True,True,True
TR-026575,Tampa,Detroit,1253.0,Reefer,30010.0,2025-06-17,1.2985,2.32021,605.83,2772.2689295575296,-2166.4389295575297,2166.4389295575297,-0.7814678101605771,-16.806693662413238,True,True,True
TR-003563,Corpus Christi,Raleigh,1367.0,Flatbed,20007.0,2025-01-23,1.02147,2.02935,726.74,2879.816144100449,-2153.076144100449,2153.076144100449,-0.747643612079615,-16.702063880427943,True,True,True
TR-029089,Richmond,Baltimore,271.1,Flatbed,25430.0,2025-07-02,1.33372,1.5271,2986.67,848.0493110227413,2138.620688977259,2138.620688977259,2.521811716818799,16.901656349470514,True,True,True
TR-040620,Hartford,Syracuse,403.2,Dry Van,24101.0,2025-09-14,0.77192,2.10997,3043.83,910.5880208564539,2133.241979143546,2133.241979143546,2.3427081515273223,16.859541384812054,True,True,True
TR-042514,Philadelphia,Tulsa,1497.7,Flatbed,23823.0,2025-09-26,0.92057,2.15682,1005.85,3122.1301554913207,-2116.280155491321,2116.280155491321,-0.6778321370648585,-16.413953570008612,True,True,True
TR-045024,Kansas City,Lexington,433.4,Reefer,44130.0,2025-10-12,0.90819,1.46865,3362.18,1252.7542873543277,2109.4257126456723,2109.4257126456723,1.6838303679650823,16.67306149412012,True,True,True
TR-011598,Shreveport,Philadelphia,1367.4,Dry Van,27624.0,2025-03-15,1.05589,1.92453,592.81,2698.1868715303526,-2105.3768715303527,2105.3768715303527,-0.7802932012400716,-16.328581532313034,True,True,True
TR-003687,San Antonio,Charleston,1355.4,Reefer,23543.0,2025-01-24,0.99648,2.17777,895.28,2962.115561282283,-2066.8355612822834,2066.8355612822834,-0.6977565589600299,-16.02680546162515,True,True,True
TR-039514,Cincinnati,Green Bay,593.2,Flatbed,-33699.0,2025-09-07,0.82737,2.32894,3509.58,1445.2133742897636,2064.3666257102363,2064.3666257102363,1.4284164971312625,16.320251635902054,True,True,True
TR-007332,Lubbock,Toledo,1387.1,Reefer,18072.0,2025-02-16,0.96801,2.08796,961.66,3020.886442392387,-2059.226442392387,2059.226442392387,-0.6816629759712468,-15.967226532283872,True,True,True
TR-024785,New Orleans,Bakersfield,1656.1,Dry Van,44344.0,2025-06-05,1.38666,2.09024,1175.34,3233.4283029652775,-2058.0883029652778,2058.0883029652778,-0.6365034601441042,-15.958314971104521,True,True,True
TR-046426,Raleigh,Columbia,417.8,Dry Van,44664.0,2025-10-21,0.932,1.86109,2970.76,937.6559976453349,2033.1040023546652,2033.1040023546652,2.16828347225448,16.075467232493967,True,True,True
TR-002786,Milwaukee,Richmond,748.1,Dry Van,36081.0,2025-01-18,0.93245,2.02199,3582.08,1550.0226232184407,2032.0573767815592,2032.0573767815592,1.3109856245596143,16.067272219119996,True,True,True
TR-003171,Providence,Memphis,1316.8,Dry Van,41734.0,2025-01-20,0.87632,1.91182,579.12,2604.375938275738,-2025.2559382757381,2025.2559382757381,-0.7776357892542142,-15.70123959033442,True,True,True
TR-002269,Atlanta,Providence,1137.6,Reefer,29401.0,2025-01-15,0.99425,2.14718,543.71,2558.320674664594,-2014.6106746645942,2014.6106746645942,-0.7874738669845278,-15.617887835987442,True,True,True
TR-045258,Shreveport,Providence,1566.2,Dry Van,26392.0,2025-10-14,0.95762,2.29356,1068.71,3066.7563089022374,-1998.0463089022373,1998.0463089022373,-0.6515177952360516,-15.488189878626185,True,True,True
TR-037234,Tucson,Phoenix,274.0,Dry Van,42194.0,2025-08-23,0.93377,1.7655,2662.69,671.0549659849878,1991.6350340150123,1991.6350340150123,2.9679163927974974,15.75076778038731,True,True,True
TR-009978,Reno,Oklahoma City,1481.2,Flatbed,13543.0,2025-03-05,1.09439,2.00492,1105.27,3091.5396337778593,-1986.2696337778593,1986.2696337778593,-0.6424855797014768,-15.395979242248545,True,True,True
TR-047657,Memphis,Philadelphia,1125.7,Reefer,28166.0,2025-10-30,1.02381,1.90722,552.14,2536.2584196106436,-1984.1184196106437,1984.1184196106437,-0.7823013634057202,-15.379135368638336,True,True,True
TR-008056,Chattanooga,Milwaukee,361.9,Reefer,39011.0,2025-02-21,1.05915,2.62055,3093.85,1120.195359929329,1973.654640070671,1973.654640070671,1.7618843200664436,15.609982410117874,True,True,True
TR-012517,San Antonio,Phoenix,1240.8,Reefer,21006.0,2025-03-21,1.17202,2.24995,777.32,2749.6504831996976,-1972.3304831996975,1972.3304831996975,-0.7173022517773049,-15.28683655708477,True,True,True
TR-007423,Tampa,Buffalo,1197.2,Flatbed,37528.0,2025-02-16,0.9376,2.01921,605.11,2565.0118661037386,-1959.9018661037385,1959.9018661037385,-0.7640907599701813,-15.18952125547302,True,True,True
TR-004764,Grand Rapids,Baton Rouge,1113.4,Reefer,21997.0,2025-01-31,0.98295,2.08473,553.77,2513.4545761515183,-1959.6845761515183,1959.6845761515183,-0.7796777370658091,-15.187819888613438,True,True,True
TR-022061,Amarillo,Mobile,1105.6,Reefer,31274.0,2025-05-19,1.18423,1.77215,539.41,2498.993602250609,-1959.5836022506091,1959.5836022506091,-0.7841491072589366,-15.187029269227063,True,True,True
TR-013077,New York,Tulsa,1466.9,Reefer,30624.0,2025-03-24,1.07307,2.19381,1246.04,3168.8333292247635,-1922.7933292247635,1922.7933292247635,-0.6067827270975983,-14.898963711470618,True,True,True
TR-040046,Washington,Atlanta,688.3,Dry Van,35557.0,2025-09-10,1.00782,2.15917,3348.83,1439.1551566448054,1909.6748433551945,1909.6748433551945,1.3269415980187582,15.10902456691187,True,True,True
TR-006852,Memphis,Mobile,343.7,Flatbed,34901.0,2025-02-13,1.06103,2.56621,2886.92,982.6476065619707,1904.2723934380292,1904.2723934380292,1.9378995895594604,15.066723718871243,True,True,True
TR-035450,Syracuse,Tulsa,1343.8,Dry Van,31149.0,2025-08-12,0.98711,2.07132,753.64,2654.433155625038,-1900.7931556250383,1900.7931556250383,-0.7160825095923199,-14.726703715620864,True,True,True
TR-017071,Toledo,Dayton,201.5,Flatbed,38714.0,2025-04-18,1.30277,1.44259,2609.34,719.012928522323,1890.3270714776772,1890.3270714776772,2.6290585280052983,14.957532712167383,True,True,True
TR-012547,Milwaukee,Albany,1148.9,Reefer,6883.0,2025-03-21,1.15272,2.08912,689.02,2579.2705471107834,-1890.2505471107834,1890.2505471107834,-0.7328624557156991,-14.644155744320594,True,True,True
TR-043069,Tulsa,Oklahoma City,305.5,Dry Van,47500.0,2025-09-30,0.84162,2.71228,2610.3,729.4550528925047,1880.8449471074955,1880.8449471074955,2.5784247290486095,14.883288265992888,True,True,True
TR-002869,Green Bay,Milwaukee,385.9,Flatbed,39458.0,2025-01-18,0.87155,2.36314,2940.51,1060.8851833079138,1879.6248166920864,1879.6248166920864,1.7717514074720937,14.873734720456447,True,True,True
TR-005828,Charleston,Atlanta,464.9,Dry Van,36187.0,2025-02-06,1.09503,2.2216,2899.13,1024.9780323546697,1874.1519676453304,1874.1519676453304,1.8284801317544959,14.830882651594035,True,True,True
TR-032869,Grand Rapids,Cincinnati,528.5,Reefer,12785.0,2025-07-26,0.97501,1.81913,3288.98,1429.0669306846407,1859.9130693153593,1859.9130693153593,1.301487725577911,14.71939296011012,True,True,True
TR-028996,Amarillo,Greensboro,1440.3,Flatbed,,2025-07-02,,2.03283,1156.87,3015.7122193487344,-1858.8422193487345,1858.8422193487345,-0.6163858100990038,-14.398230484439654,True,True,True
TR-024598,Detroit,Houston,1258.3,Dry Van,16925.0,2025-06-04,1.32386,1.90999,640.81,2495.918634018921,-1855.1086340189208,1855.1086340189208,-0.7432568549046931,-14.368996742691978,True,True,True
TR-010958,Houston,Bakersfield,1473.0,Dry Van,20512.0,2025-03-11,1.1195,1.87795,1040.33,2893.9662104965046,-1853.6362104965046,1853.6362104965046,-0.6405175719651837,-14.357467757763255,True,True,True
TR-020544,Kansas City,Boston,1317.7,Dry Van,28268.0,2025-05-09,1.35335,2.16408,756.4,2606.0445121873813,-1849.6445121873812,1849.6445121873812,-0.7097516959274359,-14.326213007383847,True,True,True
TR-031746,Milwaukee,Hartford,1048.1,Reefer,41735.0,2025-07-19,1.16038,1.86385,573.13,2392.390269006729,-1819.2602690067288,1819.2602690067288,-0.7604362434403514,-14.088306266308749,True,True,True
TR-023818,Jacksonville,Savannah,218.4,Flatbed,25393.0,2025-05-30,1.39419,1.3051,2526.52,750.345038640959,1776.174961359041,1776.174961359041,2.36714427348795,14.063728764387513,True,True,True
TR-006123,Nashville,Dallas,538.0,Dry Van,29535.0,2025-02-08,0.93847,2.13164,2907.97,1160.5033134003675,1747.4666865996323,1747.4666865996323,1.5057834531117498,13.838944752184489,True,True,True
TR-023403,Atlanta,San Antonio,944.8,Reefer,,2025-05-28,1.38569,1.58957,454.9,2200.8750633703326,-1745.9750633703325,1745.9750633703325,-0.7933094851357059,-13.514487647944227,True,True,True
TR-001948,Baton Rouge,Buffalo,1305.0,Flatbed,41943.0,2025-01-13,0.81476,2.02024,1025.04,2764.869941298352,-1739.829941298352,1739.829941298352,-0.6292628507803688,-13.466371722957671,True,True,True
TR-037897,Oklahoma City,Green Bay,1273.8,Dry Van,28848.0,2025-08-28,1.02376,1.60083,784.94,2524.655184719445,-1739.715184719445,1739.715184719445,-0.6890902152694459,-13.46547318605674,True,True,True
TR-041987,El Paso,Shreveport,1230.8,Dry Van,22108.0,2025-09-23,0.85348,1.96525,711.03,2444.934431163152,-1733.9044311631521,1733.9044311631521,-0.709182385041821,-13.419975345825906,True,True,True
TR-001416,Montgomery,Birmingham,198.2,Reefer,25383.0,2025-01-09,0.99663,2.66449,2509.96,816.7003051115348,1693.2596948884652,1693.2596948884652,2.0732938193983173,13.414507366503592,True,True,True
TR-010058,Grand Rapids,Baltimore,927.2,Reefer,25675.0,2025-03-05,1.08725,2.13801,475.9,2168.2451735426407,-1692.3451735426406,1692.3451735426406,-0.780513751024549,-13.0945689342457,True,True,True
TR-028783,Baton Rouge,Buffalo,1259.2,Reefer,47378.0,2025-06-30,1.15356,2.40963,1097.31,2783.7635498377394,-1686.4535498377395,1686.4535498377395,-0.6058178144965077,-13.048437885763098,True,True,True
TR-040775,Oklahoma City,Jacksonville,976.3,Reefer,30645.0,2025-09-15,0.82096,2.28511,575.21,2259.275150277849,-1684.0651502778492,1684.0651502778492,-0.7454006432420328,-13.029736865227543,True,True,True
TR-044414,Memphis,Atlanta,242.4,Dry Van,28320.0,2025-10-08,1.11251,1.52682,2281.75,612.4694819761772,1669.2805180238229,1669.2805180238229,2.7254917463605994,13.226751897736047,True,True,True
TR-041368,Houston,Fort Wayne,1044.3,Dry Van,28465.0,2025-09-19,0.94855,2.0227,432.04,2099.168837250393,-1667.1288372503932,1667.1288372503932,-0.7941852068622028,-12.897126583831575,True,True,True
TR-001161,Tucson,Oklahoma City,1012.6,Reefer,29209.0,2025-01-08,0.97099,2.24741,659.89,2326.5742980474643,-1666.6842980474644,1666.6842980474644,-0.7163683959915655,-12.89364586942246,True,True,True
TR-024040,Baton Rouge,Fort Wayne,1021.1,Dry Van,31503.0,2025-06-01,1.19582,2.10851,393.6,2056.156709750254,-1662.556709750254,1662.556709750254,-0.8085749018381932,-12.861327108857962,True,True,True
TR-004268,Corpus Christi,Milwaukee,1031.1,Reefer,40382.0,2025-01-27,0.86166,2.33205,714.71,2360.8727617867994,-1646.1627617867994,1646.1627617867994,-0.6972687340172115,-12.732963512300659,True,True,True
TR-032850,Memphis,Albany,1289.4,Reefer,38855.0,2025-07-26,1.0155,1.97337,1197.41,2839.753474428438,-1642.343474428438,1642.343474428438,-0.5783401584741419,-12.703058728980743,True,True,True
TR-029239,Little Rock,Richmond,1034.4,Dry Van,25384.0,2025-07-03,1.36985,2.03309,452.41,2080.814524222317,-1628.4045242223167,1628.4045242223167,-0.7825803334542353,-12.593917612717624,True,True,True
TR-010594,Mobile,Syracuse,1133.5,Reefer,40332.0,2025-03-09,0.98073,2.20001,924.04,2550.719393511553,-1626.679393511553,1626.679393511553,-0.6377335733791234,-12.580409946165386,True,True,True
TR-017024,Indianapolis,Amarillo,1100.7,Reefer,31218.0,2025-04-17,1.36283,1.7298,866.41,2489.9091442872177,-1623.4991442872179,1623.4991442872179,-0.6520314799486285,-12.555508791831222,True,True,True
TR-047539,St. Louis,New York,1041.1,Dry Van,20785.0,2025-10-29,1.07407,2.24529,472.91,2093.2361300089947,-1620.3261300089946,1620.3261300089946,-0.7740770889531856,-12.530664286676735,True,True,True
TR-001352,Tulsa,Tucson,1260.0,Dry Van,10913.0,2025-01-09,1.03206,1.91751,882.08,2499.070384740914,-1616.9903847409141,1616.9903847409141,-0.6470367519915019,-12.504545607956741,True,True,True
TR-019063,Indianapolis,Philadelphia,1020.2,Dry Van,21179.0,2025-04-30,1.35767,2.22424,444.74,2054.488135838611,-1609.748135838611,1609.748135838611,-0.783527589066138,-12.447839247881964,True,True,True
TR-017987,San Antonio,Columbia,1146.3,Reefer,41206.0,2025-04-23,1.31493,1.79788,968.87,2574.450222477147,-1605.580222477147,1605.580222477147,-0.6236594549232538,-12.415204744563457,True,True,True
TR-012307,Boston,Milwaukee,1194.5,Reefer,19836.0,2025-03-19,1.17492,2.20213,1067.6,2663.8116253007124,-1596.2116253007125,1596.2116253007125,-0.5992209096694363,-12.341849209280284,True,True,True
TR-031294,Montgomery,Providence,1202.4,Dry Van,33688.0,2025-07-16,1.2901,2.13496,804.91,2392.28165439574,-1587.3716543957403,1587.3716543957403,-0.6635387816810768,-12.272632784941637,True,True,True
TR-026687,Lexington,Providence,1022.1,Dry Van,32633.0,2025-06-17,1.28341,2.06578,472.85,2058.010680763191,-1585.160680763191,1585.160680763191,-0.7702392876675215,-12.25532099842139,True,True,True
TR-023803,Amarillo,Phoenix,895.0,Reefer,15353.0,2025-05-30,1.3516,1.82833,542.84,2108.5473069260674,-1565.7073069260673,1565.7073069260673,-0.7425526104076953,-12.103002286877746,True,True,True
TR-007458,Shreveport,Houston,246.2,Dry Van,27670.0,2025-02-17,0.95382,2.53591,2171.46,619.514571825338,1551.945428174662,1551.945428174662,2.5050991514243313,12.308025415927773,True,True,True
TR-043077,Lexington,Charleston,436.3,Dry Van,32646.0,2025-09-30,0.84665,2.3129,2522.62,971.9544613846701,1550.6655386153298,1550.6655386153298,1.5954096618952842,12.29800395999792,True,True,True
TR-015037,Mobile,Savannah,439.5,Dry Van,24497.0,2025-04-05,1.07526,1.90381,2524.43,977.8871686260687,1546.5428313739312,1546.5428313739312,1.581514596972188,12.26572341779793,True,True,True
TR-012268,Dayton,Columbia,466.7,Reefer,28022.0,2025-03-19,1.18265,2.49389,2855.19,1314.4915220851312,1540.6984779148688,1540.6984779148688,1.1720870405241668,12.219962492410726,True,True,True
TR-038001,Toledo,Shreveport,892.1,Reefer,41161.0,2025-08-28,1.03964,2.28327,566.92,2103.1707909885504,-1536.2507909885503,1536.2507909885503,-0.7304450963140604,-11.87235959262154,True,True,True
TR-045484,Greensboro,Columbia,153.8,Dry Van,34198.0,2025-10-15,1.00256,1.46388,1971.21,448.2076502299551,1523.002349770045,1523.002349770045,3.3979838340301893,12.081402905734459,True,True,True
TR-037362,New Orleans,Birmingham,406.5,Dry Van,26576.0,2025-08-24,0.84702,2.13799,2437.64,916.7061251991462,1520.9338748008536,1520.9338748008536,1.6591291723620198,12.065206874917108,True,True,True
TR-018893,Charleston,Shreveport,836.3,Flatbed,28123.0,2025-04-29,1.28482,1.80256,379.59,1895.913727534759,-1516.323727534759,1516.323727534759,-0.7997851935522522,-11.716331920735772,True,True,True
TR-017603,Fort Wayne,Philadelphia,807.7,Flatbed,11761.0,2025-04-21,1.18144,2.00233,328.89,1842.8901565647595,-1514.0001565647594,1514.0001565647594,-0.8215357552220759,-11.698138504041383,True,True,True
TR-047840,Corpus Christi,Madison,1139.5,Dry Van,35584.0,2025-10-31,0.99829,2.08148,772.61,2275.666877682,-1503.056877682,1503.056877682,-0.6604907301779677,-11.612453308586817,True,True,True
TR-044693,New York,Milwaukee,914.1,Dry Van,17572.0,2025-10-10,1.07095,2.12622,362.69,1857.7818113659903,-1495.0918113659902,1495.0918113659902,-0.8047725530624497,-11.550087332958515,True,True,True
TR-042033,Kansas City,Baton Rouge,737.8,Reefer,15474.0,2025-09-23,0.86526,2.35965,322.34,1817.1030636923642,-1494.7630636923643,1494.7630636923643,-0.8226077505229653,-11.547513259047793,True,True,True
TR-001028,Dallas,Fort Wayne,970.6,Dry Van,30362.0,2025-01-07,0.90312,1.88725,473.34,1962.5311735969333,-1489.1911735969334,1489.1911735969334,-0.7588114745038873,-11.50388570491221,True,True,True
TR-046778,Hartford,Atlanta,1001.8,Dry Van,41352.0,2025-10-24,1.00102,2.0499,537.57,2020.375069200569,-1482.805069200569,1482.805069200569,-0.7339256417311129,-11.45388290326034,True,True,True
TR-009984,Amarillo,Atlanta,1250.7,Dry Van,40083.0,2025-03-05,1.1625,2.03301,1010.15,2481.8284543205996,-1471.6784543205995,1471.6784543205995,-0.592981538171409,-11.366762198309662,True,True,True
TR-006877,Cincinnati,St. Louis,231.2,Dry Van,18747.0,2025-02-13,1.08412,2.35534,2058.1,591.7050066312822,1466.3949933687177,1466.3949933687177,2.4782534826217786,11.638170813289518,True,True,True
TR-028775,St. Louis,Corpus Christi,897.7,Dry Van,36360.0,2025-06-30,1.19417,2.27388,372.08,1827.3766867538227,-1455.2966867538228,1455.2966867538228,-0.796385713631398,-11.238493973503479,True,True,True
TR-018560,Dayton,Baton Rouge,880.2,Dry Van,30266.0,2025-04-27,1.18703,2.1086,342.22,1794.9321940274244,-1452.7121940274244,1452.7121940274244,-0.8093409872870265,-11.21825755562682,True,True,True
TR-001629,Oklahoma City,Greensboro,1121.4,Dry Van,36423.0,2025-01-11,0.88147,1.97611,796.19,2242.11000234784,-1445.9200023478397,1445.9200023478397,-0.644892534636452,-11.165075115714137,True,True,True
TR-046142,Charleston,Baton Rouge,939.7,Reefer,36569.0,2025-10-20,0.85054,1.77181,752.15,2191.4198112043537,-1439.2698112043536,1439.2698112043536,-0.6567750295245183,-11.113004531198781,True,True,True
TR-034515,Oklahoma City,Montgomery,896.7,Dry Van,23446.0,2025-08-05,1.00182,1.96339,387.41,1825.5227157408856,-1438.1127157408855,1438.1127157408855,-0.7877813315279562,-11.10394454542952,True,True,True
TR-027101,Grand Rapids,New Orleans,965.2,Dry Van,28042.0,2025-06-20,1.35638,2.08372,519.02,1952.5197301270732,-1433.4997301270732,1433.4997301270732,-0.7341793826758303,-11.067825153957981,True,True,True
TR-036101,Providence,Columbia,936.6,Dry Van,25497.0,2025-08-16,0.96359,2.22465,474.97,1899.4961591570736,-1424.5261591570736,1424.5261591570736,-0.7499494812293939,-10.997562649389886,True,True,True
TR-011398,Columbia,San Antonio,1166.2,Dry Van,40759.0,2025-03-14,1.14129,2.13376,917.22,2325.1679037274193,-1407.9479037274193,1407.9479037274193,-0.6055252618403912,-10.867755936794488,True,True,True
TR-028095,Columbia,Lubbock,1209.2,Reefer,29304.0,2025-06-26,1.40758,2.55503,1286.37,2691.064999190887,-1404.6949991908873,1404.6949991908873,-0.5219847902645354,-10.842285895868555,True,True,True
TR-031620,Albuquerque,Kansas City,1219.7,Dry Van,32660.0,2025-07-18,1.27246,2.07875,1025.42,2424.355352919551,-1398.935352919551,1398.935352919551,-0.577033953060912,-10.797188222511611,True,True,True
TR-042259,New York,St. Louis,1028.1,Dry Van,31168.0,2025-09-24,0.95154,1.93661,681.3,2069.134506840813,-1387.8345068408132,1387.8345068408132,-0.6707318940612423,-10.710269285677587,True,True,True
TR-018417,Reno,Phoenix,883.1,Dry Van,28209.0,2025-04-26,1.21598,2.24095,426.62,1800.3087099649417,-1373.6887099649416,1373.6887099649416,-0.7630295306362719,-10.599508572809414,True,True,True
TR-003826,Washington,St. Louis,812.7,Reefer,31093.0,2025-01-25,0.93916,2.21997,589.73,1955.965492561349,-1366.235492561349,1366.235492561349,-0.6984967259173142,-10.541150342444078,True,True,True
TR-023762,Green Bay,Mobile,1071.8,Dry Van,32186.0,2025-05-30,1.35819,2.04926,784.85,2150.153040106162,-1365.303040106162,1365.303040106162,-0.6349794710606977,-10.53384929750766,True,True,True
TR-045774,Kansas City,Green Bay,466.3,Dry Van,32352.0,2025-10-17,1.02308,1.83091,2389.43,1027.5735917727816,1361.8564082272183,1361.8564082272183,1.3253127748035332,10.819640170293198,True,True,True
TR-044176,Raleigh,Milwaukee,796.6,Flatbed,29959.0,2025-10-07,0.96635,2.00347,463.05,1822.3110783211584,-1359.2610783211585,1359.2610783211585,-0.7458995856917062,-10.486541111174889,True,True,True
TR-011425,Oklahoma City,Houston,295.6,Reefer,31932.0,2025-03-14,1.10456,2.83322,2353.6,997.277081771603,1356.322918228397,1356.322918228397,1.360026158245781,10.776313286534267,True,True,True
TR-023295,Washington,Chattanooga,716.9,Reefer,27394.0,2025-05-27,1.28217,1.80745,427.41,1778.35506952198,-1350.94506952198,1350.94506952198,-0.7596599198185504,-10.421427277652645,True,True,True
TR-034367,Oklahoma City,Mobile,724.2,Flatbed,28429.0,2025-08-04,0.99407,1.88748,338.67,1688.0835769845164,-1349.4135769845163,1349.4135769845163,-0.799376047123817,-10.409435785996838,True,True,True
TR-046260,Hartford,Savannah,829.2,Dry Van,32086.0,2025-10-20,0.84655,2.06317,352.82,1700.379672367635,-1347.5596723676351,1347.5596723676351,-0.7925051647384563,-10.394919827740317,True,True,True
TR-044271,Columbia,Kansas City,652.1,Reefer,-21645.0,2025-10-08,1.02988,1.78127,313.15,1658.2177478836593,-1345.0677478836592,1345.0677478836592,-0.8111526665302761,-10.375408213465013,True,True,True
TR-042800,Harrisburg,Tampa,1087.6,Dry Van,35101.0,2025-09-28,0.75633,2.02509,835.1,2179.445782110567,-1344.3457821105671,1344.3457821105671,-0.6168291926072635,-10.369755266204722,True,True,True
TR-016644,Toledo,Jacksonville,789.6,Reefer,24741.0,2025-04-15,1.16766,1.89362,570.06,1913.138762162503,-1343.0787621625032,1343.0787621625032,-0.7020289321012781,-10.35983457853352,True,True,True
TR-017815,Charleston,Kansas City,855.0,Dry Van,31531.0,2025-04-22,1.24029,1.99483,409.48,1748.212124501411,-1338.732124501411,1338.732124501411,-0.7657721312756691,-10.325800675025166,True,True,True
TR-041307,Columbia,Houston,847.3,Dry Van,38318.0,2025-09-18,0.96233,2.27008,405.1,1733.9365477017955,-1328.8365477017956,1328.8365477017956,-0.7663697667962936,-10.248318921951457,True,True,True
TR-039612,Greensboro,Chattanooga,289.2,Dry Van,44830.0,2025-09-08,0.85579,2.48479,2021.98,699.2353253816309,1322.7446746183691,1322.7446746183691,1.8917017298810486,10.513397720041754,True,True,True
TR-012448,Washington,Kansas City,867.4,Dry Van,47500.0,2025-03-20,1.19058,2.12409,452.04,1771.20136506183,-1319.16136506183,1319.16136506183,-0.7447833945271266,-10.172562841489125,True,True,True
TR-041163,Green Bay,Philadelphia,946.1,Reefer,35887.0,2025-09-18,0.96716,2.34538,885.17,2203.2852256871506,-1318.1152256871505,1318.1152256871505,-0.5982499271178395,-10.164371635018698,True,True,True
TR-027813,Bakersfield,Fresno,228.6,Flatbed,11114.0,2025-06-24,1.23244,2.78442,2083.66,769.2555429729169,1314.404457027083,1314.404457027083,1.708670764915579,10.448094333177618,True,True,True
TR-019854,Mobile,Richmond,929.9,Reefer,30145.0,2025-05-05,1.19895,1.81017,861.91,2173.2508952775706,-1311.3408952775708,1311.3408952775708,-0.6034006005137683,-10.11132904774322,True,True,True
TR-011671,Detroit,Fort Wayne,221.1,Dry Van,31601.0,2025-03-15,1.05281,2.38668,1872.01,572.9798994006181,1299.030100599382,1299.030100599382,2.267147768985036,10.327714075157223,True,True,True
TR-036174,Nashville,Oklahoma City,774.1,Reefer,41749.0,2025-08-17,0.90999,2.13179,590.4,1884.4022114619788,-1294.0022114619787,1294.0022114619787,-0.6866910915255459,-9.975568228012627,True,True,True
TR-040300,Raleigh,Fort Wayne,704.6,Reefer,26774.0,2025-09-12,0.95939,2.28771,461.77,1755.5512260628543,-1293.7812260628543,1293.7812260628543,-0.7369658070100273,-9.973837926032806,True,True,True
TR-036953,Greensboro,Tulsa,813.6,Reefer,29045.0,2025-08-22,1.00418,2.11112,664.28,1957.6340664729923,-1293.3540664729924,1293.3540664729924,-0.6606720268222486,-9.970493292916924,True,True,True
TR-013876,Columbia,Hartford,833.4,Dry Van,26123.0,2025-03-29,1.05998,2.00499,415.91,1708.1663506219707,-1292.2563506219706,1292.2563506219706,-0.7565166882905985,-9.961898245833131,True,True,True
TR-042823,Houston,Savannah,862.6,Reefer,33187.0,2025-09-28,0.75039,2.45907,759.15,2048.4786461069075,-1289.3286461069074,1289.3286461069074,-0.6294079015943127,-9.938974500921391,True,True,True
TR-015395,Richmond,Louisville,685.5,Flatbed,31767.0,2025-04-07,1.06928,1.95659,328.37,1616.3348987838526,-1287.9648987838527,1287.9648987838527,-0.7968428447303408,-9.928296443898585,True,True,True
TR-008156,Chattanooga,Grand Rapids,658.9,Reefer,28190.0,2025-02-21,1.08344,2.36828,383.23,1670.8247507716314,-1287.5947507716314,1287.5947507716314,-0.7706342332892697,-9.9253982079024,True,True,True
TR-012923,Charleston,Green Bay,959.1,Dry Van,17709.0,2025-03-23,0.96524,1.81558,656.75,1941.2105069481572,-1284.4605069481572,1284.4605069481572,-0.6616801744842712,-9.900857273005846,True,True,True
TR-006880,Jacksonville,Detroit,953.4,Flatbed,35077.0,2025-02-13,1.09665,2.08798,829.81,2113.013733149687,-1283.2037331496872,1283.2037331496872,-0.6072860355890476,-9.891016812050973,True,True,True
TR-010384,New Orleans,Houston,242.8,Dry Van,47500.0,2025-03-07,1.1718,2.70453,1895.79,613.211070381352,1282.578929618648,1282.578929618648,2.0915782371981977,10.198902425920956,True,True,True
TR-027685,Greensboro,Baton Rouge,787.7,Dry Van,26190.0,2025-06-23,1.21148,2.18397,341.54,1623.4398753307478,-1281.8998753307478,1281.8998753307478,-0.7896195570960599,-9.880807686133803,True,True,True
TR-037201,Milwaukee,Richmond,766.9,Flatbed,29227.0,2025-08-23,0.96848,2.2207,494.37,1767.2481392369282,-1272.8781392369283,1272.8781392369283,-0.7202599968709196,-9.810168051631177,True,True,True
TR-003683,Richmond,Montgomery,835.3,Dry Van,31528.0,2025-01-24,1.01878,1.94274,439.13,1711.688895546551,-1272.558895546551,1272.558895546551,-0.7434522119396098,-9.807668393320293,True,True,True
TR-044983,Richmond,Fort Wayne,612.5,Reefer,38633.0,2025-10-12,0.85793,1.74513,313.05,1584.8004957713524,-1271.7504957713525,1271.7504957713525,-0.8024672500827099,-9.801338673180158,True,True,True
TR-003583,Hartford,Greensboro,730.7,Reefer,24295.0,2025-01-23,1.01747,2.12391,535.63,1803.9398695005111,-1268.309869500511,1268.309869500511,-0.7030776862045244,-9.774398782708426,True,True,True
TR-015559,Albany,Richmond,606.3,Reefer,45173.0,2025-04-08,1.11143,1.85242,312.19,1573.3058754911426,-1261.1158754911426,1261.1158754911426,-0.8015706895504073,-9.718070255454784,True,True,True
TR-019898,El Paso,Lubbock,788.3,Dry Van,32845.0,2025-05-05,1.23684,1.9059,363.91,1624.55225793851,-1260.6422579385098,1260.6422579385098,-0.7759936633483328,-9.714361859369586,True,True,True
TR-033061,Greensboro,Grand Rapids,640.5,Flatbed,33094.0,2025-07-27,0.9499,1.88583,282.54,1532.9062032016857,-1250.3662032016857,1250.3662032016857,-0.8156834388106224,-9.633900987627227,True,True,True
TR-013980,Columbia,Kansas City,652.7,Reefer,40202.0,2025-03-30,0.99223,2.45209,411.96,1659.3301304914216,-1247.3701304914216,1247.3701304914216,-0.7517311399160845,-9.610441923984105,True,True,True
TR-003253,Cincinnati,Syracuse,768.2,Flatbed,28975.0,2025-01-21,0.94296,2.06353,528.37,1769.6583015537465,-1241.2883015537464,1241.2883015537464,-0.7014282364363249,-9.562821580316639,True,True,True
TR-015612,Tucson,Lubbock,960.0,Dry Van,37435.0,2025-04-08,1.17488,2.05536,702.61,1942.8790808598005,-1240.2690808598004,1240.2690808598004,-0.638366583426763,-9.554841145448101,True,True,True
TR-012737,Mobile,Richmond,952.2,Dry Van,29495.0,2025-03-22,1.07962,2.03471,692.79,1928.4181069588917,-1235.6281069588917,1235.6281069588917,-0.6407469949073817,-9.518502607423141,True,True,True
TR-040596,Nashville,Buffalo,814.3,Reefer,25013.0,2025-09-14,0.81945,2.22123,733.39,1958.931846182048,-1225.5418461820482,1225.5418461820482,-0.6256173988751192,-9.43952781062516,True,True,True
TR-035590,Oklahoma City,Mobile,735.2,Dry Van,35164.0,2025-08-13,1.04028,1.98489,302.81,1526.106397151553,-1223.296397151553,1223.296397151553,-0.8015800205246576,-9.421946083875572,True,True,True
TR-009716,Grand Rapids,Columbia,737.1,Dry Van,27572.0,2025-03-03,0.97203,1.95862,308.14,1529.6289420761332,-1221.4889420761333,1221.4889420761333,-0.7985524518241869,-9.407793822650037,True,True,True
TR-047702,Atlanta,Richmond,670.3,Flatbed,22559.0,2025-10-30,1.03804,1.92827,370.24,1588.1545393872095,-1217.9145393872095,1217.9145393872095,-0.7668740725050237,-9.379806471115362,True,True,True
TR-036616,Philadelphia,Richmond,295.9,Flatbed,24633.0,2025-08-20,1.04437,2.11584,2104.27,894.02779214358,1210.24220785642,1210.24220785642,1.353696404621453,9.632510377509949,True,True,True
TR-003527,Buffalo,Louisville,660.4,Flatbed,39385.0,2025-01-23,1.05663,2.26027,366.62,1569.8002263591327,-1203.1802263591326,1203.1802263591326,-0.7664543590681543,-9.264437713248052,True,True,True
TR-034418,Dayton,Raleigh,650.8,Flatbed,38508.0,2025-08-05,1.02125,2.04717,349.06,1552.002104634937,-1202.942104634937,1202.942104634937,-0.7750905111806494,-9.262573234904929,True,True,True
TR-019396,Richmond,Green Bay,826.0,Flatbed,28256.0,2025-05-02,1.35632,1.87286,675.83,1876.8178261015075,-1200.9878261015074,1200.9878261015074,-0.6399064466454786,-9.247271355102395,True,True,True
TR-017835,Kansas City,Milwaukee,179.4,Dry Van,38493.0,2025-04-22,1.27407,1.49739,1663.0,495.66930816114336,1167.3306918388566,1167.3306918388566,2.3550594572205275,9.296515866485526,True,True,True
TR-000191,Tampa,Milwaukee,919.8,Dry Van,33053.0,2025-01-02,1.01568,1.95414,704.89,1868.3494461397313,-1163.4594461397314,1163.4594461397314,-0.6227204704899288,-8.953426465780964,True,True,True
TR-039677,Oklahoma City,Indianapolis,848.9,Flatbed,25735.0,2025-09-08,0.86626,2.27861,758.12,1919.2737622977656,-1161.1537622977658,1161.1537622977658,-0.6049964237033209,-8.935373104190546,True,True,True
TR-018071,Madison,Memphis,514.6,Reefer,31110.0,2025-04-24,1.3785,1.50615,254.8,1403.296733604816,-1148.496733604816,1148.496733604816,-0.8184275685261059,-8.836269353929913,True,True,True
TR-029467,Buffalo,Kansas City,805.8,Flatbed,41392.0,2025-07-05,1.20571,1.93255,702.09,1839.3676116401791,-1137.2776116401792,1137.2776116401792,-0.6182981609783046,-8.748424324239313,True,True,True
TR-027396,Washington,Green Bay,787.3,Reefer,34234.0,2025-06-22,1.20231,2.46431,772.55,1908.874628832748,-1136.324628832748,1136.324628832748,-0.5952851023681925,-8.74096252791717,True,True,True
TR-011577,Richmond,Indianapolis,772.2,Dry Van,25922.0,2025-03-15,1.05069,2.01109,468.29,1594.7033246302235,-1126.4133246302235,1126.4133246302235,-0.7063466334036859,-8.663357630253369,True,True,True
TR-035228,Nashville,Charleston,564.7,Flatbed,37839.0,2025-08-10,0.91946,1.82882,268.64,1392.3752004210578,-1123.735200421058,1123.735200421058,-0.8070634984602121,-8.642388083669347,True,True,True
TR-025885,Fort Wayne,Atlanta,538.9,Reefer,26147.0,2025-06-12,1.40623,2.53308,329.96,1448.348229219186,-1118.3882292191859,1118.3882292191859,-0.7721818597604226,-8.600521630531235,True,True,True
TR-005449,Madison,Jacksonville,864.8,Dry Van,27218.0,2025-02-04,0.95413,1.96781,654.0,1766.3810404281937,-1112.3810404281937,1112.3810404281937,-0.6297514607372247,-8.553485714586557,True,True,True
TR-036644,Dayton,Mobile,696.0,Dry Van,24296.0,2025-08-20,1.07349,2.01726,342.72,1453.4307334444206,-1110.7107334444206,1110.7107334444206,-0.7641992892307959,-8.540407314419017,True,True,True
TR-035282,Atlanta,Baton Rouge,575.9,Flatbed,25487.0,2025-08-11,0.90228,1.96835,305.68,1413.1396757659525,-1107.4596757659524,1107.4596757659524,-0.7836873415684724,-8.514951734277266,True,True,True
TR-009675,Green Bay,Washington,759.0,Flatbed,28915.0,2025-03-03,0.93824,2.14887,646.48,1752.6017682347256,-1106.1217682347256,1106.1217682347256,-0.6311312634066583,-8.504476001223079,True,True,True
TR-034058,Little Rock,Oklahoma City,478.6,Reefer,23841.0,2025-08-03,0.91352,1.96904,238.78,1336.5537771390823,-1097.7737771390823,1097.7737771390823,-0.8213465076496115,-8.439111748301581,True,True,True
TR-012955,Greensboro,Baton Rouge,810.6,Dry Van,17924.0,2025-03-24,1.02984,2.03565,569.32,1665.8958115270061,-1096.575811527006,1096.575811527006,-0.658249936124069,-8.4297317518016,True,True,True
TR-017081,Grand Rapids,Memphis,669.5,Dry Van,30823.0,2025-04-18,1.31225,2.01271,318.08,1404.300501601589,-1086.2205016015891,1086.2205016015891,-0.7734957727087377,-8.34865031684431,True,True,True
TR-043691,New York,Greensboro,693.1,Flatbed,23068.0,2025-10-04,0.93519,1.99175,548.16,1630.4250784821743,-1082.2650784821744,1082.2650784821744,-0.6637931989427548,-8.317679598952207,True,True,True
TR-024590,Chattanooga,Grand Rapids,659.5,Dry Van,26998.0,2025-06-04,1.36472,2.13851,309.35,1385.7607914722187,-1076.4107914722185,1076.4107914722185,-0.776765223908991,-8.271840894477126,True,True,True
TR-044614,Tampa,Mobile,307.6,Reefer,47500.0,2025-10-10,1.00233,1.21994,2094.59,1019.5247339268476,1075.0652660731525,1075.0652660731525,1.054476885452678,8.57408330078639,True,True,True
TR-034535,Lexington,Syracuse,703.2,Reefer,33888.0,2025-08-05,1.03136,2.00865,682.59,1752.9556666447425,-1070.3656666447423,1070.3656666447423,-0.6106062389435573,-8.224507941717821,True,True,True
TR-040174,Salt Lake City,Reno,521.0,Flatbed,45205.0,2025-09-11,1.02504,2.41694,244.05,1311.3566671557087,-1067.3066671557087,1067.3066671557087,-0.8138950248147694,-8.200556165296753,True,True,True
TR-007040,Boston,Harrisburg,538.6,Flatbed,38263.0,2025-02-14,1.07218,2.25122,277.63,1343.986556983401,-1066.3565569834009,1066.3565569834009,-0.7934279933400934,-8.193116861529594,True,True,True
TR-018720,Atlanta,Richmond,676.8,Dry Van,46876.0,2025-04-28,1.18887,1.98701,354.14,1417.8344899960293,-1063.6944899960295,1063.6944899960295,-0.750224724748379,-8.172273041997094,True,True,True
TR-011959,Madison,Chattanooga,549.5,Reefer,39665.0,2025-03-17,0.9895,2.4797,404.58,1468.0003219563187,-1063.4203219563187,1063.4203219563187,-0.7244006054025658,-8.170126323237415,True,True,True
TR-037314,Philadelphia,Savannah,759.6,Dry Van,22839.0,2025-08-24,0.8647,1.71124,509.3,1571.3432898672168,-1062.0432898672168,1062.0432898672168,-0.6758824101110094,-8.159344247319769,True,True,True
TR-044015,Atlanta,Richmond,663.0,Dry Van,25537.0,2025-10-06,0.90089,2.08144,337.89,1392.2496900174983,-1054.3596900174985,1054.3596900174985,-0.7573064641905195,-8.09918213667896,True,True,True
TR-002041,Mobile,Dayton,677.3,Flatbed,35486.0,2025-01-13,0.83141,2.23972,550.66,1601.1323364777688,-1050.4723364777687,1050.4723364777687,-0.6560808950924303,-8.068744399377254,True,True,True
TR-009807,Indianapolis,Richmond,801.8,Dry Van,33469.0,2025-03-04,1.02741,1.98125,602.49,1649.58086661316,-1047.09086661316,1047.09086661316,-0.6347617675531098,-8.04226769990017,True,True,True
TR-045060,Raleigh,Columbia,420.9,Reefer,29726.0,2025-10-13,0.83227,1.72737,183.77,1229.5796496926146,-1045.8096496926146,1045.8096496926146,-0.8505424190731027,-8.032235850814285,True,True,True
TR-027180,Oklahoma City,Atlanta,872.2,Dry Van,30748.0,2025-06-20,1.33897,2.23595,737.32,1780.100425923928,-1042.7804259239279,1042.7804259239279,-0.58579864974904,-8.008517216438213,True,True,True
TR-034941,Kansas City,Mobile,654.6,Dry Van,31047.0,2025-08-08,1.05115,1.73699,337.03,1376.6763335088272,-1039.6463335088272,1039.6463335088272,-0.7551857384364348,-7.983977467059838,True,True,True
TR-004076,Indianapolis,New Orleans,558.3,Reefer,27050.0,2025-01-26,0.83991,2.36408,450.2,1484.3152668701646,-1034.1152668701645,1034.1152668701645,-0.6966951630503038,-7.9406695580607645,True,True,True
TR-033119,Toledo,New York,688.8,Flatbed,31483.0,2025-07-28,0.91265,2.02583,589.77,1622.453003126545,-1032.683003126545,1032.683003126545,-0.6364948637257999,-7.929455021711163,True,True,True
TR-030282,Charleston,Greensboro,262.4,Reefer,27066.0,2025-07-10,1.33903,1.32946,1962.96,935.7252441420931,1027.234755857907,1027.234755857907,1.0977952794249055,8.199573370043266,True,True,True
TR-006169,Raleigh,Columbia,401.5,Reefer,20956.0,2025-02-08,0.95215,2.35588,2220.18,1193.612612041636,1026.5673879583637,1026.5673879583637,0.8600507213160667,8.19434792074922,True,True,True
TR-016760,Baton Rouge,Oklahoma City,433.0,Reefer,43896.0,2025-04-16,1.35586,1.27628,246.8,1252.0126989491528,-1005.2126989491528,1005.2126989491528,-0.802877398761893,-7.714364242443488,True,True,True
TR-034934,Shreveport,Columbia,644.8,Reefer,47500.0,2025-08-08,1.05955,2.04896,650.18,1644.683759489219,-994.5037594892191,994.5037594892191,-0.6046778012802151,-7.630513910146724,True,True,True
TR-006035,Savannah,Dayton,582.3,Flatbed,26132.0,2025-02-07,1.0166,2.10446,432.56,1425.0050902487496,-992.4450902487497,992.4450902487497,-0.696450207118564,-7.614394657577567,True,True,True
TR-008052,Chattanooga,Kansas City,418.6,Reefer,38164.0,2025-02-21,1.09305,2.64311,236.63,1225.3155163628594,-988.6855163628594,988.6855163628594,-0.8068823932774508,-7.584957427046423,True,True,True
TR-017824,Memphis,Toledo,621.3,Dry Van,21526.0,2025-04-22,1.24692,2.00189,332.23,1314.9390987780234,-982.7090987780234,982.7090987780234,-0.7473419108848902,-7.538162447738937,True,True,True
TR-009123,Memphis,Dallas,453.8,Reefer,43531.0,2025-02-28,1.09573,2.63913,310.39,1290.5752960182435,-980.1852960182435,980.1852960182435,-0.7594948539944683,-7.518401228539707,True,True,True
TR-018570,Little Rock,Nashville,296.1,Reefer,41264.0,2025-04-27,1.18887,1.21921,1972.95,998.2040672780715,974.7459327219285,974.7459327219285,0.9764996604150199,7.788589137824527,True,True,True
TR-007772,Oklahoma City,Mobile,703.0,Dry Van,28974.0,2025-02-19,1.09014,2.17192,497.44,1466.40853053498,-968.9685305349799,968.9685305349799,-0.6607766596812401,-7.43057464995222,True,True,True
TR-007209,Oklahoma City,Mobile,737.7,Dry Van,24563.0,2025-02-15,0.98735,2.07475,561.78,1530.7413246838955,-968.9613246838956,968.9613246838956,-0.6330013497767104,-7.430518228584805,True,True,True
TR-001176,Tucson,Phoenix,260.5,Dry Van,26547.0,2025-01-08,0.96147,2.2471,1609.22,646.0263573103377,963.1936426896623,963.1936426896623,1.4909509988103533,7.698135422812106,True,True,True
TR-004991,Milwaukee,Richmond,756.5,Dry Van,45542.0,2025-02-01,0.94409,2.0204,609.22,1565.5959797271119,-956.3759797271118,956.3759797271118,-0.610870232238212,-7.331975757535832,True,True,True
TR-015897,New Orleans,Baton Rouge,174.5,Dry Van,26864.0,2025-04-10,1.22636,1.40693,1441.44,486.58485019775185,954.8551498022482,954.8551498022482,1.962361034081081,7.632845540272403,True,True,True
TR-021796,Detroit,Fort Wayne,213.9,Reefer,18041.0,2025-05-18,1.20517,1.50848,1794.15,845.8076500146465,948.3423499853536,948.3423499853536,1.1212269716039238,7.581850721329586,True,True,True
TR-020177,Grand Rapids,Greensboro,675.5,Flatbed,45591.0,2025-05-07,1.36909,1.73047,652.95,1597.7951886544822,-944.8451886544822,944.8451886544822,-0.5913431179187271,-7.241690378044992,True,True,True
TR-023486,Chattanooga,Grand Rapids,683.7,Dry Van,34674.0,2025-05-28,1.38292,1.91397,498.67,1430.626889985295,-931.956889985295,931.956889985295,-0.6514325268937691,-7.140775798203118,True,True,True
TR-002073,Memphis,Chattanooga,159.5,Flatbed,40966.0,2025-01-13,0.81427,2.74924,1572.38,641.1461459789672,931.2338540210329,931.2338540210329,1.4524517691658745,7.447892258208812,True,True,True
TR-001490,Chattanooga,Houston,647.0,Dry Van,37165.0,2025-01-10,0.95286,2.19564,438.53,1362.5861538105055,-924.0561538105055,924.0561538105055,-0.6781634696832636,-7.0789135235937835,True,True,True
TR-037933,Chattanooga,Lexington,224.4,Dry Van,41751.0,2025-08-28,1.05614,1.66978,1497.36,579.0980037433104,918.2619962566895,918.2619962566895,1.5856763282225301,7.346323415830345,True,True,True
TR-015021,Syracuse,Richmond,382.8,Reefer,35838.0,2025-04-05,1.10893,1.63172,242.29,1158.9433540997134,-916.6533540997134,916.6533540997134,-0.7909388762247014,-7.020950060638494,True,True,True
TR-000295,Greensboro,Syracuse,685.6,Dry Van,30959.0,2025-01-02,1.00393,1.89033,518.31,1434.1494349098755,-915.8394349098755,915.8394349098755,-0.6385941468975501,-7.014577123823792,True,True,True
TR-046720,Syracuse,Raleigh,616.7,Flatbed,30145.0,2025-10-23,1.01847,1.8847,572.98,1488.781693093784,-915.801693093784,915.801693093784,-0.6151349773724644,-7.014281607742804,True,True,True
TR-020874,Nashville,Shreveport,373.5,Reefer,42747.0,2025-05-12,1.21931,1.26433,235.49,1141.7014236793989,-906.2114236793989,906.2114236793989,-0.7937376663321671,-6.939190392574364,True,True,True
TR-038309,Fort Wayne,Raleigh,697.4,Dry Van,41506.0,2025-08-30,0.87702,2.23308,551.31,1456.0262928625325,-904.7162928625326,904.7162928625326,-0.6213598595694791,-6.927483610937355,True,True,True
TR-019803,Chattanooga,Fort Wayne,512.4,Dry Van,29395.0,2025-05-05,1.16754,1.91173,211.1,1113.0416554691792,-901.9416554691792,901.9416554691792,-0.8103395331498036,-6.905758372102442,True,True,True
TR-033257,Albuquerque,Bakersfield,524.7,Dry Van,36817.0,2025-07-29,1.01948,1.84798,237.05,1135.845498928305,-898.795498928305,898.795498928305,-0.7913008413347926,-6.881124161366922,True,True,True
TR-043435,New York,Detroit,704.9,Dry Van,42448.0,2025-10-02,0.93671,2.12987,574.1,1469.9310754595604,-895.8310754595603,895.8310754595603,-0.6094374698347588,-6.857912909323472,True,True,True
TR-004035,Memphis,Atlanta,249.7,Dry Van,30086.0,2025-01-26,0.84632,2.35157,1518.51,626.0034703706176,892.5065296293824,892.5065296293824,1.4257213767536863,7.144659708304703,True,True,True
TR-018895,Milwaukee,Harrisburg,644.5,Dry Van,38805.0,2025-04-29,1.27586,1.99388,466.99,1357.951226278163,-890.9612262781629,890.9612262781629,-0.6561069418671878,-6.819782292036573,True,True,True
TR-040274,Lubbock,New Orleans,581.3,Dry Van,28687.0,2025-09-12,0.96894,2.35015,352.31,1240.7802582605416,-888.4702582605416,888.4702582605416,-0.7160577002620063,-6.800278166833549,True,True,True
TR-007954,Philadelphia,Syracuse,394.2,Reefer,23272.0,2025-02-20,1.10826,2.33235,294.78,1180.0786236471954,-885.2986236471954,885.2986236471954,-0.750203084698762,-6.7754444643695475,True,True,True
TR-032580,Baton Rouge,San Antonio,422.8,Flatbed,34405.0,2025-07-24,1.30064,1.42728,252.03,1129.296713685291,-877.266713685291,877.266713685291,-0.7768257031603876,-6.712555107136452,True,True,True
TR-024478,Dallas,Atlanta,621.1,Flatbed,34409.0,2025-06-03,1.28044,2.55483,621.84,1496.939165550707,-875.099165550707,875.099165550707,-0.584592337276958,-6.695583339574025,True,True,True
TR-042459,Kansas City,Mobile,639.9,Dry Van,20665.0,2025-09-26,0.88965,2.11938,476.98,1349.4229596186524,-872.4429596186524,872.4429596186524,-0.6465303953811525,-6.674785411741422,True,True,True
TR-003295,Columbia,Louisville,379.0,Reefer,23181.0,2025-01-21,0.97312,2.47136,286.44,1151.8982642505525,-865.4582642505525,865.4582642505525,-0.7513322062462143,-6.620095679877865,True,True,True
TR-024432,Atlanta,Montgomery,311.9,Reefer,19557.0,2025-06-03,1.2358,2.64652,172.72,1027.4968092824768,-854.7768092824767,854.7768092824767,-0.8319021544012247,-6.536460549449029,True,True,True
TR-038591,Greensboro,Jacksonville,365.7,Flatbed,29207.0,2025-09-01,0.86795,2.46188,170.36,1023.4349688465858,-853.0749688465858,853.0749688465858,-0.8335409623612957,-6.523135244305656,True,True,True
TR-029811,New Orleans,Cincinnati,514.2,Dry Van,32968.0,2025-07-07,1.15254,1.82656,263.32,1116.378803292466,-853.0588032924661,853.0588032924661,-0.7641302403598073,-6.523008669018742,True,True,True
TR-019671,Little Rock,St. Louis,382.7,Flatbed,27167.0,2025-05-04,1.235,1.64217,210.11,1054.9524760665154,-844.8424760665154,844.8424760665154,-0.8008346302163165,-6.458675336037215,True,True,True
TR-029058,Milwaukee,Atlanta,419.3,Reefer,14456.0,2025-07-02,1.34331,1.58439,385.09,1226.6132960719156,-841.5232960719156,841.5232960719156,-0.6860542754320329,-6.4326863623819595,True,True,True
TR-003533,Jacksonville,Little Rock,569.1,Dry Van,36052.0,2025-01-23,1.02469,2.1587,376.8,1218.1618119027098,-841.3618119027099,841.3618119027099,-0.6906814872061565,-6.431421951344878,True,True,True
TR-038803,Columbia,Milwaukee,527.4,Flatbed,25672.0,2025-09-03,0.99467,2.27798,486.09,1323.2220816385059,-837.132081638506,837.132081638506,-0.6326466987324687,-6.398303425508953,True,True,True
TR-027472,Baton Rouge,Columbia,715.9,Dry Van,23079.0,2025-06-22,1.20735,2.17926,654.01,1490.3247566018679,-836.3147566018679,836.3147566018679,-0.5611627619397352,-6.391903821124879,True,True,True
TR-021578,Montgomery,Corpus Christi,738.0,Dry Van,39478.0,2025-05-16,1.35358,1.90089,700.65,1531.2975159877765,-830.6475159877765,830.6475159877765,-0.5424468513239639,-6.347529678337428,True,True,True
TR-020991,Greensboro,Madison,646.6,Dry Van,39494.0,2025-05-13,1.29234,1.97767,532.08,1361.8445654053307,-829.7645654053307,829.7645654053307,-0.6092946188454076,-6.34061622999675,True,True,True
TR-004159,Shreveport,Tampa,502.6,Dry Van,20946.0,2025-01-27,0.83293,2.14785,272.58,1094.8727395423962,-822.2927395423962,822.2927395423962,-0.7510395590688237,-6.2821122965480045,True,True,True
TR-006079,Cincinnati,Lexington,150.4,Reefer,20990.0,2025-02-08,0.9733,2.72717,1550.14,728.0804906931442,822.059509306856,822.059509306856,1.1290777871609254,6.5930639050544295,True,True,True
TR-002890,Tucson,Amarillo,622.6,Dry Van,19855.0,2025-01-19,0.78083,2.03819,498.79,1317.3492610948417,-818.5592610948418,818.5592610948418,-0.6213684443976092,-6.252879391681794,True,True,True
TR-011512,Detroit,Richmond,650.4,Dry Van,46875.0,2025-03-14,1.09094,2.05984,556.26,1368.8896552544913,-812.6296552544914,812.6296552544914,-0.5936414612640306,-6.2064509454325245,True,True,True
TR-047899,Syracuse,Grand Rapids,559.2,Dry Van,45220.0,2025-10-31,0.99677,1.94876,389.18,1199.807498874633,-810.6274988746329,810.6274988746329,-0.6756312988833343,-6.19077418505963,True,True,True
TR-011484,Baton Rouge,Dallas,168.4,Dry Van,37602.0,2025-03-14,1.13297,2.82068,1280.51,475.27562701883585,805.2343729811641,805.2343729811641,1.6942471425096906,6.461324130343225,True,True,True
TR-018907,Tulsa,Dallas,142.9,Dry Van,21953.0,2025-04-29,1.2289,1.46592,1220.72,427.9993661889413,792.7206338110587,792.7206338110587,1.852153756370542,6.363342328166256,True,True,True
TR-046063,Tucson,Phoenix,273.9,Reefer,31724.0,2025-10-19,0.86925,1.50695,166.3,957.0459107908691,-790.7459107908692,790.7459107908692,-0.8262361312817528,-6.035102582502894,True,True,True
TR-044671,Tampa,Baton Rouge,444.7,Dry Van,22553.0,2025-10-10,0.99589,1.83416,200.31,987.5278178933413,-787.2178178933414,787.2178178933414,-0.7971601443822471,-6.007477833764853,True,True,True
TR-004319,Columbia,Richmond,508.8,Dry Van,29842.0,2025-01-28,0.92699,2.04543,319.87,1106.367359822606,-786.497359822606,786.497359822606,-0.7108826492754742,-6.001836691720576,True,True,True
TR-012925,Madison,Grand Rapids,257.1,Reefer,35954.0,2025-03-23,1.03138,2.74112,140.36,925.8991977735268,-785.5391977735268,785.5391977735268,-0.8484068240500497,-5.994334342257305,True,True,True
TR-016709,Lexington,Cincinnati,124.7,Dry Van,35540.0,2025-04-16,1.35457,1.329,1179.06,394.257093753487,784.802906246513,784.802906246513,1.9905866468371485,6.301347012028152,True,True,True
TR-004987,Richmond,Raleigh,256.2,Reefer,23363.0,2025-02-01,0.92543,2.51865,145.34,924.2306238618834,-778.8906238618833,778.8906238618833,-0.8427448774714918,-5.942276420567052,True,True,True
TR-019752,Indianapolis,Dayton,253.4,Reefer,29820.0,2025-05-04,1.21155,1.45203,141.81,919.0395050256598,-777.2295050256598,777.2295050256598,-0.8456976014365775,-5.9292699630253995,True,True,True
TR-005901,Lexington,Richmond,572.2,Dry Van,40935.0,2025-02-07,1.06615,2.16834,456.05,1223.9091220428147,-767.8591220428148,767.8591220428148,-0.6273824650977261,-5.855900444988703,True,True,True
TR-039307,Dayton,Charleston,606.0,Dry Van,47304.0,2025-09-06,0.88509,2.12121,519.57,1286.5733422800868,-767.0033422800867,767.0033422800867,-0.5961598278733108,-5.849199742482534,True,True,True
TR-033586,Fresno,Los Angeles,416.2,Dry Van,27451.0,2025-07-31,1.13066,1.87245,171.28,934.6896440246355,-763.4096440246356,763.4096440246356,-0.8167520084394071,-5.8210613078577715,True,True,True
TR-038710,Hartford,Richmond,334.8,Reefer,27985.0,2025-09-02,0.90745,2.5586,309.15,1069.952745478735,-760.8027454787351,760.8027454787351,-0.7110620059564637,-5.800649453802986,True,True,True
TR-004543,Phoenix,Tucson,262.9,Reefer,22767.0,2025-01-29,1.01034,2.63781,181.56,936.6522296485616,-755.0922296485617,755.0922296485617,-0.8061607133865228,-5.755936468755545,True,True,True
TR-036610,Chattanooga,Atlanta,98.4,Reefer,22226.0,2025-08-20,1.03474,2.58457,1386.42,631.6739980204177,754.7460019795824,754.7460019795824,1.1948346842593742,6.066003314361033,True,True,True
TR-030554,Nashville,Dayton,429.9,Flatbed,37647.0,2025-07-11,1.29181,1.5368,396.96,1142.459907877144,-745.4999078771439,745.4999078771439,-0.6525392293742638,-5.680829183758732,True,True,True
TR-002841,Tampa,Chattanooga,568.4,Dry Van,24458.0,2025-01-18,0.88556,1.99159,472.64,1216.8640321936537,-744.2240321936537,744.2240321936537,-0.6115917740226352,-5.670839156227968,True,True,True
TR-044891,Shreveport,Cincinnati,546.7,Dry Van,40678.0,2025-10-12,0.85485,1.90393,432.52,1176.63286121292,-744.11286121292,744.11286121292,-0.6324087026142198,-5.669968694338521,True,True,True
TR-011921,Buffalo,Syracuse,151.3,Reefer,17748.0,2025-03-17,1.0108,2.66511,1472.66,729.7490646047875,742.9109353952126,742.9109353952126,1.0180361598648342,5.9733354764704005,True,True,True
TR-015253,Atlanta,Montgomery,309.2,Reefer,24401.0,2025-04-06,1.01153,1.62634,286.08,1022.4910875475467,-736.4110875475467,736.4110875475467,-0.720212720204569,-5.609664283847437,True,True,True
TR-015989,Fort Wayne,Lexington,369.3,Flatbed,46559.0,2025-04-11,1.20631,1.66855,314.73,1030.1092644931591,-715.3792644931591,715.3792644931591,-0.6944693045209573,-5.444986412755238,True,True,True
TR-021400,Memphis,Mobile,330.4,Flatbed,-23480.0,2025-05-15,1.39389,1.58442,247.37,957.9897920899081,-710.6197920899081,710.6197920899081,-0.7417822172610539,-5.407720038800749,True,True,True
TR-033770,Milwaukee,Fort Wayne,265.3,Reefer,29085.0,2025-08-01,1.08927,2.27969,236.48,941.1017600796106,-704.6217600796106,704.6217600796106,-0.7487200534190952,-5.360755819881429,True,True,True
TR-022549,Los Angeles,Bakersfield,391.7,Dry Van,39737.0,2025-05-23,1.38729,1.82836,189.33,889.267354207678,-699.9373542076779,699.9373542076779,-0.7870943995591856,-5.324077212214999,True,True,True
TR-001150,Houston,Baton Rouge,170.3,Flatbed,28954.0,2025-01-08,0.97019,2.77328,1359.6,661.1690329186872,698.4309670813127,698.4309670813127,1.056357651836982,5.625060081168736,True,True,True
TR-021896,New York,Raleigh,452.1,Dry Van,25652.0,2025-05-18,1.19553,1.92186,312.45,1001.2472033890755,-688.7972033890755,688.7972033890755,-0.6879392032832627,-5.2368505217037,True,True,True
TR-024341,Fort Wayne,Greensboro,489.1,Dry Van,26214.0,2025-06-02,1.2046,2.24711,381.54,1069.8441308677461,-688.3041308677462,688.3041308677462,-0.6433686095089998,-5.232989794419308,True,True,True
TR-007196,Madison,Dayton,305.9,Reefer,39116.0,2025-02-15,0.97131,2.69291,332.21,1016.3729832048544,-684.1629832048545,684.1629832048545,-0.6731416463349247,-5.2005648648618505,True,True,True
TR-030016,Hartford,Providence,259.1,Reefer,30968.0,2025-07-08,1.22156,1.34537,257.56,929.6071397994009,-672.0471397994008,672.0471397994008,-0.7229367235114194,-5.105698561862961,True,True,True
TR-046916,Bakersfield,Salt Lake City,274.4,Flatbed,16602.0,2025-10-25,0.90403,1.66533,193.34,854.1674153654335,-660.8274153654335,660.8274153654335,-0.7736509301080228,-5.01784881487484,True,True,True
TR-004675,Hartford,Baltimore,149.3,Reefer,27506.0,2025-01-30,1.03157,2.76994,75.19,726.0411225789134,-650.8511225789134,650.8511225789134,-0.8964383728941916,-4.93973506062595,True,True,True
TR-044556,Milwaukee,Greensboro,455.6,Dry Van,25324.0,2025-10-09,1.05617,1.95438,367.67,1007.7361019343551,-640.0661019343552,640.0661019343552,-0.6351524974700665,-4.855289017368622,True,True,True
TR-044312,Mobile,Houston,478.4,Dry Van,22177.0,2025-10-08,1.02633,1.88619,411.17,1050.0066410293198,-638.8366410293197,638.8366410293197,-0.6084120005213197,-4.8456624146766565,True,True,True
TR-022644,Kansas City,Milwaukee,196.1,Reefer,36586.0,2025-05-23,1.33687,1.12725,179.58,812.806965984367,-633.226965984367,633.226965984367,-0.7790619328876988,-4.801739006727998,True,True,True
TR-038243,Columbia,Cincinnati,330.1,Dry Van,15481.0,2025-08-30,0.92358,2.12584,144.92,775.062739810756,-630.1427398107561,630.1427398107561,-0.8130215883744012,-4.777589706930084,True,True,True
TR-019041,Indianapolis,Cincinnati,180.5,Reefer,40210.0,2025-04-30,1.35001,1.09431,153.87,783.8850181825492,-630.0150181825492,630.0150181825492,-0.8037084566857137,-4.776589654496629,True,True,True
TR-006796,Charleston,Greensboro,270.3,Flatbed,22726.0,2025-02-12,1.05218,2.36423,217.4,846.5661342123917,-629.1661342123917,629.1661342123917,-0.743197853996062,-4.769942945618928,True,True,True
TR-031730,Milwaukee,Grand Rapids,341.6,Dry Van,27532.0,2025-07-19,1.22283,1.79905,167.63,796.383406459532,-628.753406459532,628.753406459532,-0.7895109332510709,-4.766711312892377,True,True,True
TR-036598,Buffalo,Syracuse,142.3,Flatbed,34743.0,2025-08-19,0.90954,1.97024,1233.19,609.25784455645,623.9321554435501,623.9321554435501,1.0240855509998124,5.041739003025389,True,True,True
TR-010122,Kansas City,Fort Wayne,385.1,Dry Van,20310.0,2025-03-06,1.15452,2.13297,253.42,877.0311455222935,-623.6111455222936,623.6111455222936,-0.7110478900392048,-4.726447728439656,True,True,True
TR-039359,Greensboro,Fort Wayne,460.7,Dry Van,21835.0,2025-09-06,0.86988,2.18058,394.42,1017.191354100334,-622.7713541003341,622.7713541003341,-0.6122460160420367,-4.719872213650845,True,True,True
TR-009066,Grand Rapids,Fort Wayne,191.9,Reefer,25026.0,2025-02-27,1.11914,2.65934,1427.64,805.0202877300314,622.6197122699687,622.6197122699687,0.7734211444852034,5.03146265431344,True,True,True
TR-000440,Richmond,Charleston,394.9,Dry Van,14768.0,2025-01-03,0.93596,2.07056,276.27,895.2000614490764,-618.9300614490764,618.9300614490764,-0.691387420647853,-4.689795130251304,True,True,True
TR-005913,Nashville,Milwaukee,359.9,Dry Van,43226.0,2025-02-07,1.01303,2.35814,214.55,830.3110759962799,-615.7610759962799,615.7610759962799,-0.741602868849408,-4.664982170550228,True,True,True
TR-010898,Kansas City,Atlanta,491.8,Dry Van,39832.0,2025-03-11,1.06707,2.28171,464.41,1074.849852602676,-610.439852602676,610.439852602676,-0.5679303496432895,-4.623317321155164,True,True,True
TR-039559,Cincinnati,Kansas City,346.4,Dry Van,40343.0,2025-09-07,0.84218,2.41022,198.16,805.2824673216298,-607.1224673216299,607.1224673216299,-0.7539248548908803,-4.5973423999958065,True,True,True
TR-047743,Atlanta,Nashville,136.8,Reefer,35204.0,2025-10-30,1.05978,0.95701,104.38,702.8664849172003,-598.4864849172003,598.4864849172003,-0.8514938437955307,-4.529723192974451,True,True,True
TR-019113,Tucson,Bakersfield,327.7,Dry Van,41215.0,2025-05-01,1.39636,1.58672,182.42,770.6132093797071,-588.1932093797071,588.1932093797071,-0.7632794276303204,-4.449127483430092,True,True,True
TR-010960,Lubbock,San Antonio,122.6,Reefer,42648.0,2025-03-11,1.05748,3.30032,94.72,676.5400965334942,-581.8200965334942,581.8200965334942,-0.8599935162966197,-4.3992264048107685,True,True,True
TR-035980,Chattanooga,Kansas City,436.5,Dry Van,38073.0,2025-08-15,1.07211,1.82556,397.3,972.3252555872575,-575.0252555872576,575.0252555872576,-0.5913918745635772,-4.346023221304386,True,True,True
TR-009138,Fort Wayne,Toledo,105.0,Reefer,35124.0,2025-02-28,1.09168,3.00438,76.54,643.9102067058022,-567.3702067058023,567.3702067058023,-0.8811324945576293,-4.2860846629756635,True,True,True
TR-010600,Greensboro,Charleston,284.9,Dry Van,28139.0,2025-03-09,0.9585,2.28552,126.54,691.2632500260015,-564.7232500260016,564.7232500260016,-0.8169438343565346,-4.265359156214997,True,True,True
TR-047796,Memphis,Atlanta,239.2,Flatbed,37701.0,2025-10-30,1.04158,1.24252,227.15,788.9076357100496,-561.7576357100496,561.7576357100496,-0.7120702225228742,-4.242138579911716,True,True,True
TR-014991,Los Angeles,Phoenix,93.9,Reefer,32284.0,2025-04-05,1.1229,1.06179,63.36,623.331128462201,-559.971128462201,559.971128462201,-0.8983525816265372,-4.228150338877845,True,True,True
TR-006360,Houston,Baton Rouge,178.3,Reefer,39214.0,2025-02-09,0.90677,3.10033,223.44,779.8062819540876,-556.3662819540875,556.3662819540875,-0.7134672992886258,-4.199924614125638,True,True,True
TR-046400,Indianapolis,Madison,276.6,Dry Van,37250.0,2025-10-21,0.96998,1.69163,123.32,675.8752906186241,-552.5552906186242,552.5552906186242,-0.8175403040890488,-4.170084788150875,True,True,True
TR-036924,Philadelphia,Harrisburg,344.5,Dry Van,23862.0,2025-08-21,1.08416,2.10125,249.52,801.7599223970494,-552.2399223970494,552.2399223970494,-0.6887846435950535,-4.167615474520537,True,True,True
TR-030511,Cincinnati,Nashville,193.4,Reefer,40181.0,2025-07-11,1.27601,1.09003,1358.99,807.801244249437,551.188755750563,551.188755750563,0.6823321450348796,4.472162691619946,True,True,True
TR-020116,Tucson,El Paso,305.0,Dry Van,41168.0,2025-05-07,1.38915,1.65634,184.26,728.5280673860361,-544.2680673860361,544.2680673860361,-0.747079064968456,-4.10519634383108,True,True,True
TR-041721,Shreveport,Memphis,324.1,Dry Van,39393.0,2025-09-21,0.75365,2.48308,244.71,763.9389137331337,-519.2289137331337,519.2289137331337,-0.6796733408903367,-3.9091413225023315,True,True,True
TR-018815,Milwaukee,Kansas City,177.6,Flatbed,32332.0,2025-04-29,1.30614,1.35177,157.76,674.7030213131277,-516.9430213131277,516.9430213131277,-0.7661786074516717,-3.891242926519305,True,True,True
TR-042302,Nashville,Greensboro,371.1,Dry Van,28762.0,2025-09-25,,2.31887,349.14,851.0755513411749,-501.9355513411749,501.9355513411749,-0.5897661500793853,-3.7737353667100413,True,True,True
TR-018955,Cincinnati,St. Louis,228.7,Dry Van,25262.0,2025-04-29,1.25876,1.70432,101.63,587.0700790989397,-485.4400790989397,485.4400790989397,-0.8268860846119324,-3.64457684134174,True,True,True
TR-011237,Columbia,Lexington,228.3,Dry Van,22221.0,2025-03-13,1.18576,2.4867,103.15,586.3284906937649,-483.17849069376496,483.17849069376496,-0.824074726646919,-3.6268687442886276,True,True,True
TR-010636,Tucson,Phoenix,275.1,Dry Van,32063.0,2025-03-09,0.95247,2.30399,201.35,673.0943340992186,-471.7443340992186,471.7443340992186,-0.7008591666880386,-3.537340006772366,True,True,True
TR-003896,Shreveport,Mobile,303.5,Dry Van,31630.0,2025-01-25,0.89914,2.40964,256.13,725.7471108666306,-469.6171108666306,469.6171108666306,-0.6470809236923457,-3.520683980693477,True,True,True
TR-035579,Las Vegas,Bakersfield,111.4,Dry Van,33701.0,2025-08-13,1.0679,1.90593,822.99,369.59927928142434,453.39072071857566,453.39072071857566,1.226708887528295,3.706410138243069,True,True,True
TR-004486,Chattanooga,Memphis,168.9,Reefer,36503.0,2025-01-29,1.01027,2.99691,1201.66,762.3789544324794,439.28104556752066,439.28104556752066,0.576197759675206,3.5959322562416083,True,True,True
